number,itype,close_author,close_time,close,close_type,related_pr,#comment,#participants,part_names
9648,issue,Carreau,2016-06-24T19:05:30Z,#9655,close,['#9655'],4,2,"['fperez', 'Carreau']"
9539,issue,minrk,2016-06-06T19:48:44Z,#9546,close,['#9546'],5,3,"['stonebig', 'takluyver', 'Carreau']"
9391,issue,minrk,2016-04-14T14:49:27Z,#9398,close,['#9398'],8,3,"['fperez', 'takluyver', 'jboucasier']"
9390,issue,takluyver,2016-04-13T19:23:21Z,,close,[],12,3,"['fperez', 'takluyver', 'jonathanslenders']"
9379,issue,minrk,2016-04-15T12:09:58Z,,close,['#9403'],7,5,"['brandonwillard', 'takluyver', 'jonathanslenders', 'minrk', 'Carreau']"
9361,issue,minrk,2016-03-29T15:56:26Z,#9365,close,['#9365'],3,2,"['fperez', 'takluyver']"
9359,issue,takluyver,2016-04-04T17:01:56Z,#9360,close,['#9360'],3,2,"['fperez', 'takluyver']"
9331,issue,Carreau,2016-06-01T20:37:28Z,#9471,close,['#9471'],3,3,"['fperez', 'takluyver', 'minrk']"
9244,pr,minrk,2016-02-18T15:21:27Z,e4b502f,merge,"['#9243', '#9246', '#9291']",1,2,"['takluyver', 'minrk']"
9114,issue,Carreau,2016-05-25T19:21:38Z,,close,[],11,4,"['youyou015', 'takluyver', 'dsblank', 'Carreau']"
8804,issue,Carreau,2015-09-14T16:02:47Z,#8805,close,['#8805'],3,2,"['rouge8', 'minrk']"
8791,issue,Carreau,2016-01-19T21:33:33Z,#9144,close,['#9144'],6,3,"['petrposik', 'Carreau', 'takluyver']"
8776,issue,minrk,2016-01-21T09:12:31Z,,close,[],4,3,"['chrisidefix', 'Carreau', 'minrk']"
8333,pr,,,,,[],1,2,"['takluyver', 'Carreau']"
8159,pr,,,,,[],4,2,"['Carreau', 'minrk']"
8069,issue,minrk,2016-01-19T14:38:27Z,,close,[],6,4,"['neilzimmerman', 'minrk', 'takluyver', 'Carreau']"
8057,issue,Carreau,2015-03-20T20:12:22Z,#8059,close,['#8059'],3,3,"['ellisonbg', 'Carreau', 'minrk']"
8056,issue,takluyver,2015-03-17T18:41:17Z,,close,[],2,2,"['ellisonbg', 'takluyver']"
8055,issue,Carreau,2015-03-19T17:59:49Z,#8082,close,['#8082'],4,4,"['ellisonbg', 'takluyver', 'Carreau', 'minrk']"
8054,issue,minrk,2015-03-30T21:12:33Z,,close,"['#8134', '#8122']",11,6,"['ellisonbg', 'HyperionAnalytics', 'Carreau', 'jdfreder', 'rsmith31415', 'minrk']"
8043,pr,,,,,[],3,2,"['takluyver', 'minrk']"
8033,issue,minrk,2015-03-13T20:26:14Z,#8043,close,['#8043'],1,2,"['Carreau', 'takluyver']"
8012,issue,minrk,2015-03-13T19:25:09Z,2aff1ee,close,['#8027'],1,1,['jdfreder']
7835,issue,Carreau,2015-02-28T18:14:09Z,#7836,close,['#7836'],4,3,"['keszybz', 'takluyver', 'jdfreder']"
7829,issue,takluyver,2015-02-25T00:03:28Z,#7850,close,['#7850'],17,7,"['lmarti', 'damianavila', 'takluyver', 'minrk', 'hsgPU', 'btabibian', 'jdfreder']"
7790,issue,Carreau,2015-03-29T00:49:38Z,#8174,close,['#8174'],1,3,"['ellisonbg', 'jdfreder', 'minrk']"
7786,issue,ellisonbg,2015-02-15T19:22:12Z,,close,[],4,3,"['ellisonbg', 'takluyver', 'minrk']"
7782,issue,fperez,2015-02-14T02:17:18Z,,close,[],5,3,"['fperez', 'takluyver', 'minrk']"
7753,issue,fperez,2015-02-11T22:46:01Z,#7754,close,['#7754'],2,2,"['fperez', 'minrk']"
7714,issue,takluyver,2015-02-09T18:45:20Z,#7717,close,['#7717'],1,2,"['dsblank', 'jdfreder']"
7711,issue,minrk,2015-02-09T23:12:45Z,,close,[],7,4,"['edonyM', 'takluyver', 'minrk', 'jdfreder']"
7707,issue,takluyver,2015-02-09T22:34:42Z,,close,[],12,6,"['ismail', 'blink1073', 'takluyver', 'stonebig', 'jdfreder', 'minrk']"
7704,issue,jdfreder,2015-02-06T21:16:59Z,,close,[],4,1,['jdfreder']
7698,issue,minrk,2015-02-07T22:49:59Z,#7703,close,['#7703'],5,3,"['Carreau', 'minrk', 'jdfreder']"
7695,pr,,,,,['#7690'],2,2,"['takluyver', 'Carreau']"
7679,issue,minrk,2015-02-04T21:51:08Z,#7680,close,['#7680'],3,2,"['SylvainCorlay', 'jdfreder']"
7657,issue,minrk,2015-02-02T23:05:19Z,#7662,close,['#7662'],1,1,['Carreau']
7647,issue,minrk,2015-02-02T22:24:26Z,,close,['#7664'],9,5,"['peter-ch', 'takluyver', 'jdfreder', 'Carreau', 'minrk']"
7641,issue,minrk,2015-01-30T23:46:41Z,,close,[],3,2,"['jdfreder', 'minrk']"
7619,issue,takluyver,2015-01-28T22:30:20Z,#7622,close,['#7622'],1,2,"['dsblank', 'jdfreder']"
7599,pr,,,,,[],3,3,"['minrk', 'Carreau', 'takluyver']"
7590,issue,takluyver,2015-01-26T18:51:15Z,#7597,close,['#7597'],3,2,"['ellisonbg', 'minrk']"
7566,issue,takluyver,2015-01-24T01:14:54Z,,close,[],2,1,['takluyver']
7515,pr,,,,,['#7418'],6,3,"['jhamrick', 'minrk', 'ellisonbg']"
7511,issue,takluyver,2015-01-22T22:35:50Z,#7542,close,['#7542'],3,5,"['jthiem', 'takluyver', 'Carreau', 'ellisonbg', 'minrk']"
7509,issue,minrk,2015-01-23T01:02:59Z,#7523,close,['#7523'],4,3,"['jdfreder', 'takluyver', 'jasongrout']"
7485,issue,minrk,2015-01-17T01:21:24Z,#7487,close,['#7487'],2,2,"['lgretton', 'takluyver']"
7484,issue,jdfreder,2015-01-22T22:50:07Z,#7517,close,['#7517'],8,6,"['mathieu1', 'minrk', 'Carreau', 'ellisonbg', 'takluyver', 'jdfreder']"
7447,issue,minrk,2015-02-10T19:29:00Z,,close,[],12,5,"['mathieu1', 'Carreau', 'minrk', 'jdfreder', 'ellisonbg']"
7436,pr,,,,,[],7,4,"['jfeist', 'takluyver', 'Carreau', 'minrk']"
7431,issue,jdfreder,2015-01-21T21:33:28Z,,close,[],3,4,"['chriddyp', 'takluyver', 'jdfreder', 'minrk']"
7423,issue,takluyver,2015-01-14T19:52:34Z,,close,['#7457'],2,3,"['mathieu1', 'takluyver', 'ellisonbg']"
7421,issue,takluyver,2015-01-11T22:53:03Z,,close,[],4,3,"['fonnesbeck', 'ellisonbg', 'takluyver']"
7418,issue,minrk,2015-01-21T05:23:55Z,#7515,close,"['#52', '#7515']",12,5,"['Carreau', 'minrk', 'mathieu1', 'jhamrick', 'ellisonbg']"
7410,issue,takluyver,2015-01-29T19:30:18Z,#7468,close,['#7468'],1,1,['ellisonbg']
7409,issue,minrk,2015-01-14T20:09:07Z,#7413,close,['#7413'],2,4,"['ellisonbg', 'mathieu1', 'Carreau', 'minrk']"
7408,pr,,,,,[],2,3,"['ccordoba12', 'Carreau', 'ellisonbg']"
7397,pr,,,,,[],6,4,"['jasongrout', 'takluyver', 'Carreau', 'ellisonbg']"
7395,issue,minrk,2015-01-11T19:12:57Z,#7414,close,"['#7414', '#7419']",7,4,"['mathieu1', 'juhasch', 'Carreau', 'ellisonbg']"
7394,issue,Carreau,2015-01-15T08:08:08Z,#7459,close,['#7459'],1,2,"['anthonylouisburns', 'ellisonbg']"
7372,issue,minrk,2015-01-14T20:09:07Z,#7413,close,['#7413'],3,3,"['juhasch', 'Carreau', 'ellisonbg']"
7367,issue,minrk,2015-01-14T18:25:14Z,#7416,close,"['#7416', '#7474']",4,4,"['ccordoba12', 'mathieu1', 'takluyver', 'jdfreder']"
7351,issue,minrk,2015-01-15T17:12:37Z,,close,[],9,4,"['beojan', 'tacaswell', 'minrk', 'ellisonbg']"
7349,issue,takluyver,2015-01-27T19:11:00Z,#7454,close,"['#7350', '#7454']",4,4,"['fperez', 'ellisonbg', 'ptone', 'takluyver']"
7338,issue,Carreau,2015-01-15T08:09:38Z,#7460,close,['#7460'],2,2,"['Carreau', 'ellisonbg']"
7334,issue,minrk,2015-01-13T17:29:12Z,,close,[],7,4,"['jonathon-love', 'Carreau', 'minrk', 'ellisonbg']"
7317,issue,Carreau,2015-01-15T08:20:10Z,#7469,close,['#7469'],4,5,"['Carreau', 'takluyver', 'bigzachattack', 'minrk', 'ellisonbg']"
7304,issue,minrk,2015-01-13T23:53:55Z,,close,[],4,4,"['pmfeldman', 'Carreau', 'minrk', 'ellisonbg']"
7292,issue,ellisonbg,2014-12-27T01:06:13Z,#7307,close,['#7307'],1,3,"['ellisonbg', 'Carreau', 'ivanov']"
7291,issue,Carreau,2015-01-15T08:00:27Z,#7470,close,['#7470'],2,2,"['ellisonbg', 'minrk']"
7289,issue,minrk,2015-01-14T21:46:08Z,,close,[],3,3,"['mmagnuski', 'minrk', 'ellisonbg']"
7276,issue,minrk,2015-07-11T16:43:38Z,,close,[],2,3,"['eyurtsev', 'minrk', 'ellisonbg']"
7265,issue,Carreau,2015-01-15T07:48:01Z,#7443,close,['#7443'],2,2,"['ellisonbg', 'takluyver']"
7237,issue,minrk,2014-12-17T19:06:44Z,#7259,close,"['#7258', '#7259']",5,3,"['ellisonbg', 'takluyver', 'minrk']"
7236,issue,Carreau,2015-01-01T10:01:08Z,#7358,close,['#7358'],5,5,"['ellisonbg', 'Carreau', 'takluyver', 'jdfreder', 'ivanov']"
7232,issue,minrk,2014-12-16T07:10:45Z,#7235,close,['#7235'],1,4,"['ellisonbg', 'jdfreder', 'ivanov', 'minrk']"
7100,issue,Carreau,2015-01-15T11:21:26Z,#7471,close,['#7471'],4,3,"['drevicko', 'ellisonbg', 'minrk']"
7039,issue,Carreau,2016-01-19T19:14:37Z,,close,[],2,4,"['tritemio', 'Carreau', 'ellisonbg', 'minrk']"
6957,issue,jdfreder,2014-11-17T19:09:53Z,#6916,close,['#6916'],2,2,"['Carreau', 'minrk']"
6954,issue,Carreau,2014-11-29T13:23:48Z,,close,['#7055'],3,2,"['juhasch', 'Carreau']"
6918,issue,rgbkrk,2015-01-12T02:23:55Z,,close,['#7016'],4,3,"['rgbkrk', 'ellisonbg', 'Carreau']"
6912,issue,minrk,2015-10-26T14:32:19Z,,close,['#8908'],4,5,"['jeremiahbuddha', 'Fairly', 'minrk', 'takluyver', 'ellisonbg']"
6894,issue,jamescasbon,2014-11-10T19:53:39Z,,close,[],6,3,"['jamescasbon', 'minrk', 'takluyver']"
6893,issue,takluyver,2014-11-12T19:35:06Z,#6902,close,['#6902'],9,4,"['blink1073', 'dsblank', 'takluyver', 'minrk']"
6852,issue,Carreau,2015-01-14T21:57:24Z,#7464,close,['#7464'],5,2,"['Carreau', 'minrk']"
6824,issue,takluyver,2014-11-01T01:05:38Z,#6825,close,['#6825'],2,3,"['ellisonbg', 'minrk', 'takluyver']"
6823,issue,minrk,2014-11-04T04:22:37Z,,close,[],24,5,"['cjm5325', 'minrk', 'takluyver', 'tribbloid', 'frol']"
6814,issue,takluyver,2015-01-27T22:20:59Z,,close,"['#7602', '#7603']",20,7,"['ssunkara1', 'SylvainCorlay', 'jdfreder', 'jasongrout', 'ellisonbg', 'minrk', 'takluyver']"
6804,issue,minrk,2014-10-28T20:38:25Z,#6805,close,"['#5666', '#6805']",6,4,"['erikhvatum', 'takluyver', 'firey-fox', 'Carreau']"
6753,issue,ellisonbg,2015-01-13T03:44:59Z,,close,[],12,5,"['jrjohansson', 'Carreau', 'dsblank', 'ccordoba12', 'ellisonbg']"
6744,issue,minrk,2015-01-12T19:20:36Z,,close,['#7426'],3,5,"['nholtz', 'andram', 'minrk', 'Carreau', 'ellisonbg']"
6726,issue,kalibri1798,2014-10-23T11:39:59Z,,close,"['#6728', '#6729', '#6732']",17,6,"['kalibri1798', 'takluyver', 'Carreau', 'ccordoba12', 'blink1073', 'minrk']"
6724,issue,Carreau,2014-10-18T08:33:49Z,#6727,close,['#6727'],8,3,"['m3nu', 'Carreau', 'takluyver']"
6709,issue,takluyver,2014-10-20T18:35:44Z,#6717,close,"['#6716', '#6717']",3,4,"['remram44', 'Carreau', 'takluyver', 'minrk']"
6618,issue,takluyver,2015-01-16T02:10:45Z,,close,['#6619'],10,4,"['juhasch', 'Carreau', 'takluyver', 'ellisonbg']"
6578,issue,takluyver,2015-01-12T18:39:23Z,,close,['#7142'],5,3,"['mfitzp', 'takluyver', 'ellisonbg']"
6562,issue,Carreau,2015-01-25T19:20:53Z,#7481,close,['#7481'],2,3,"['SylvainCorlay', 'ellisonbg', 'jdfreder']"
6534,issue,jdfreder,2015-09-21T19:03:05Z,,close,"['#7482', '#7554']",11,6,"['Carreau', 'eshilts', 'ellisonbg', 'minrk', 'jdfreder', 'jasongrout']"
6531,issue,Carreau,2014-10-19T08:59:23Z,#6538,close,['#6538'],2,2,"['takluyver', 'ccordoba12']"
6518,issue,minrk,2014-10-01T19:04:32Z,,close,[],2,2,"['takluyver', 'minrk']"
6514,pr,,,,,"['#6515', '#6517']",3,3,"['takluyver', 'Carreau', 'ivanov']"
6507,issue,ellisonbg,2015-01-12T18:40:16Z,,close,[],5,4,"['vallis', 'Carreau', 'ellisonbg', 'takluyver']"
6473,issue,minrk,2014-10-01T15:43:51Z,,close,"['#6585', '#6761']",5,3,"['cancan101', 'Carreau', 'minrk']"
6469,issue,minrk,2015-01-15T04:13:48Z,,close,[],3,4,"['davidhsmith', 'ahhsia', 'minrk', 'ellisonbg']"
6442,issue,takluyver,2015-01-19T18:15:54Z,#7497,close,['#7497'],5,3,"['takluyver', 'minrk', 'ellisonbg']"
6409,issue,minrk,2014-09-04T21:48:54Z,#6410,close,['#6410'],2,3,"['laserinyoureye', 'takluyver', 'minrk']"
6404,issue,Carreau,2014-09-04T22:19:59Z,#6406,close,['#6406'],1,1,['Carreau']
6383,issue,minrk,2015-01-13T23:26:03Z,,close,[],3,3,"['takluyver', 'minrk', 'ellisonbg']"
6350,issue,minrk,2015-01-14T17:08:19Z,#7450,close,['#7450'],8,5,"['coder006', 'damianavila', 'cpbotha', 'ellisonbg', 'minrk']"
6340,issue,minrk,2015-01-20T20:44:41Z,,close,[],2,4,"['paddymul', 'minrk', 'ellisonbg', 'jdfreder']"
6334,issue,ellisonbg,2015-01-14T22:49:00Z,,close,[],16,4,"['gibiansky', 'Carreau', 'takluyver', 'ellisonbg']"
6330,issue,minrk,2015-01-12T20:59:05Z,,close,[],4,5,"['jgoad', 'jdfreder', 'ellisonbg', 'Carreau', 'minrk']"
6304,issue,ellisonbg,2014-08-20T21:38:46Z,#6305,close,['#6305'],6,3,"['ellisonbg', 'dsblank', 'minrk']"
6278,issue,takluyver,2015-01-15T18:22:27Z,#7466,close,['#7466'],5,5,"['fperez', 'takluyver', '2t7', 'denfromufa', 'ellisonbg']"
6262,issue,Carreau,2015-01-14T09:45:30Z,#7441,close,['#7441'],6,5,"['mwaskom', 'Carreau', 'mforbes', 'minrk', 'ellisonbg']"
6249,pr,,,,,[],4,4,"['minrk', 'rgbkrk', 'Carreau', 'takluyver']"
6236,pr,,,,,[],7,3,"['takluyver', 'jdfreder', 'minrk']"
6203,issue,minrk,2014-10-03T23:16:18Z,,close,['#6185'],2,2,"['jdfreder', 'minrk']"
6188,pr,,,,,[],3,2,"['jasongrout', 'Carreau']"
6181,issue,Carreau,2015-01-14T09:48:04Z,#7442,close,['#7442'],1,2,"['kiwitea', 'ellisonbg']"
6172,issue,takluyver,2015-01-19T18:45:55Z,#7496,close,['#7496'],4,3,"['yuyichao', 'minrk', 'ellisonbg']"
6109,issue,minrk,2015-03-02T17:33:38Z,,close,[],12,9,"['khadiwala', 'ahaefner', 'erccarls', 'andaag', 'ricklupton', 'jamescasbon', 'ellisonbg', 'Shotgunosine', 'minrk']"
6060,issue,minrk,2014-10-03T23:08:02Z,,close,[],4,3,"['jdfreder', 'dmurphy0516', 'minrk']"
6052,issue,minrk,2015-01-13T23:25:08Z,,close,[],3,3,"['takluyver', 'minrk', 'ellisonbg']"
6025,issue,takluyver,2014-06-21T15:10:16Z,0530ec9,close,['#6027'],2,3,"['pythonator', 'takluyver', 'minrk']"
6014,issue,takluyver,2014-06-20T00:06:35Z,#6016,close,['#6016'],1,2,"['takluyver', 'minrk']"
5990,issue,takluyver,2014-06-15T00:11:21Z,,close,[],3,2,"['takluyver', 'minrk']"
5970,issue,takluyver,2014-06-10T22:47:19Z,5579eee,close,['#5971'],1,2,"['takluyver', 'ivanov']"
5964,issue,takluyver,2014-06-10T16:24:17Z,#5965,close,['#5965'],1,2,"['takluyver', 'minrk']"
5950,issue,takluyver,2014-06-09T21:25:02Z,#5961,close,['#5961'],5,3,"['pratikmallya', 'takluyver', 'minrk']"
5812,pr,,,,,[],1,2,"['takluyver', 'minrk']"
5790,pr,,,,,[],8,4,"['minrk', 'takluyver', 'jasongrout', 'jnothman']"
5755,issue,minrk,2014-11-14T05:13:02Z,,close,['#5920'],5,4,"['drevicko', 'takluyver', 'jdfreder', 'minrk']"
5743,issue,minrk,2015-01-03T04:36:00Z,#7359,close,['#7359'],2,2,"['jdfreder', 'minrk']"
5706,issue,takluyver,2014-04-25T19:38:23Z,#5708,close,['#5708'],3,5,"['manuteleco', 'minrk', 'takluyver', 'ivanov', 'Carreau']"
5688,issue,minrk,2014-06-04T19:22:17Z,#5941,close,['#5941'],1,2,"['jdfreder', 'minrk']"
5676,issue,minrk,2014-04-19T19:25:25Z,#5677,close,['#5677'],2,2,"['thomas-haslwanter', 'takluyver']"
5671,pr,,,,,[],5,4,"['ncornette', 'damianavila', 'jhamrick', 'Carreau']"
5670,pr,,,,,[],2,3,"['jdfreder', 'Carreau', 'minrk']"
5663,issue,takluyver,2014-11-14T18:38:19Z,#6935,close,['#6935'],2,3,"['lemiant', 'takluyver', 'minrk']"
5581,pr,,,,,['#5579'],1,2,"['takluyver', 'minrk']"
5570,issue,minrk,2015-01-21T05:23:57Z,336c639,close,['#7515'],3,4,"['jakevdp', 'minrk', 'jdfreder', 'ellisonbg']"
5544,issue,Carreau,2015-02-28T18:05:56Z,#7779,close,['#7779'],2,4,"['ymost', 'abeguerra', 'minrk', 'Carreau']"
5537,issue,minrk,2015-01-13T21:44:45Z,,close,[],2,2,"['temp4746', 'minrk']"
5530,issue,takluyver,2015-01-15T00:43:57Z,#7461,close,['#7461'],9,6,"['rjtavares', 'minrk', 'auxym', 'zhangruoyu', 'valhallasw', 'takluyver']"
5527,pr,,,,,[],1,2,"['jdfreder', 'minrk']"
5521,issue,minrk,2014-04-21T22:57:40Z,#5523,close,['#5523'],1,3,"['cancan101', 'jdfreder', 'minrk']"
5499,issue,takluyver,2014-05-08T18:09:53Z,,close,['#5493'],3,2,"['takluyver', 'minrk']"
5493,pr,,,,,['#5499'],12,4,"['jdavidheiser', 'takluyver', 'minrk', 'jdfreder']"
5460,issue,minrk,2014-03-28T18:54:33Z,#5464,close,['#5464'],6,2,"['takluyver', 'minrk']"
5397,issue,minrk,2014-03-25T01:08:17Z,#5404,close,['#5404'],4,3,"['jdfreder', 'kajiglet', 'takluyver']"
5364,issue,minrk,2014-05-15T17:55:04Z,#5843,close,"['#5446', '#5843']",16,10,"['Juanlu001', 'takluyver', 'ivanov', 'jdfreder', 'juhasch', 'pybokeh', 'mbewley', 'drevicko', 'CarloNicolini', 'minrk']"
5324,issue,ellisonbg,2014-03-20T20:47:14Z,#5331,close,['#5331'],2,2,"['ellisonbg', 'minrk']"
5298,issue,minrk,2014-10-03T00:04:51Z,,close,[],2,2,"['ivanov', 'minrk']"
5297,issue,ivanov,2014-03-24T22:18:45Z,#5320,close,"['#5250', '#5320', '#4988']",2,1,['ivanov']
5294,issue,minrk,2014-03-11T21:53:24Z,,close,[],4,2,"['minrk', 'ivanov']"
5266,issue,jdfreder,2014-03-03T22:58:27Z,,close,[],3,3,"['jdfreder', 'ahmadia', 'minrk']"
5264,issue,ellisonbg,2014-03-06T22:47:56Z,,close,['#5277'],24,4,"['ellisonbg', 'takluyver', 'minrk', 'davclark']"
5263,issue,jdfreder,2014-03-03T22:02:25Z,,close,"['#5232', '#5279']",24,3,"['jdfreder', 'ahmadia', 'minrk']"
5251,issue,minrk,2014-03-07T21:07:05Z,#5253,close,['#5253'],11,3,"['stevengj', 'minrk', 'ellisonbg']"
5238,issue,ivanov,2014-03-19T19:21:03Z,49639e8,close,['#5310'],1,1,['ellisonbg']
5227,issue,takluyver,2014-02-27T22:59:47Z,#5229,close,['#5229'],2,3,"['Zaharid', 'minrk', 'takluyver']"
5224,issue,minrk,2014-03-07T22:14:43Z,#5232,close,['#5232'],1,2,"['ellisonbg', 'jdfreder']"
5192,issue,minrk,2014-05-15T17:55:04Z,#5843,close,"['#5446', '#5843']",7,4,"['drevicko', 'takluyver', 'jdfreder', 'minrk']"
5189,issue,minrk,2014-03-25T22:22:43Z,#5429,close,['#5429'],2,2,"['ellisonbg', 'jdfreder']"
5149,issue,ellisonbg,2014-02-28T23:54:41Z,#5146,close,['#5146'],2,1,['jdfreder']
5141,issue,ellisonbg,2014-02-21T01:05:09Z,#5147,close,['#5147'],2,2,"['michaelaye', 'minrk']"
5135,issue,ellisonbg,2014-06-04T20:37:54Z,#5479,close,['#5479'],2,4,"['samwhitehall', 'jdfreder', 'takluyver', 'minrk']"
5120,issue,juhasch,2014-03-05T21:03:54Z,,close,"['#5050', '#5280']",2,2,"['juhasch', 'jdfreder']"
5113,issue,jdfreder,2014-02-17T16:37:08Z,#5114,close,['#5114'],2,2,"['jdfreder', 'minrk']"
5106,issue,jdfreder,2014-03-25T00:21:54Z,,close,['#5368'],3,1,['jdfreder']
5096,issue,pythonator,2014-02-12T00:09:02Z,,close,[],4,2,"['pythonator', 'minrk']"
5094,issue,jdfreder,2014-02-28T23:55:31Z,,close,['#5146'],5,5,"['fonnesbeck', 'jdfreder', 'ivanov', 'juhasch', 'ellisonbg']"
5084,issue,jdfreder,2014-03-17T17:59:51Z,,close,['#5232'],6,5,"['ellisonbg', 'rgbkrk', 'jakevdp', 'damianavila', 'jdfreder']"
5069,issue,minrk,2014-02-08T05:57:10Z,#5070,close,"['#5051', '#5070']",2,3,"['ellisonbg', 'minrk', 'jdfreder']"
5064,issue,ellisonbg,2014-02-08T19:16:02Z,#5067,close,['#5067'],3,3,"['takluyver', 'minrk', 'jasongrout']"
5051,pr,,,,,[],16,3,"['jdfreder', 'takluyver', 'minrk']"
5050,issue,juhasch,2014-03-05T09:55:33Z,,close,['#5051'],9,4,"['juhasch', 'takluyver', 'jdfreder', 'ellisonbg']"
5038,issue,minrk,2014-02-07T22:54:47Z,#5045,close,['#5045'],1,1,['ellisonbg']
5020,issue,ellisonbg,2014-02-05T00:43:50Z,#5023,close,"['#4374', '#5023']",1,3,"['jasongrout', 'ellisonbg', 'jdfreder']"
5016,issue,takluyver,2014-02-05T22:08:18Z,#5036,close,['#5036'],1,3,"['takluyver', 'ellisonbg', 'jdfreder']"
5013,issue,ellisonbg,2014-02-21T20:37:40Z,#5037,close,['#5037'],1,1,['jdfreder']
5009,issue,ellisonbg,2014-02-05T05:21:39Z,,close,[],9,4,"['v923z', 'ellisonbg', 'Carreau', 'minrk']"
5003,pr,,,,,[],4,2,"['takluyver', 'ellisonbg']"
5002,issue,ellisonbg,2014-03-03T19:42:50Z,,close,[],3,2,"['zhangruoyu', 'ellisonbg']"
4999,issue,jdfreder,2014-02-28T23:55:19Z,,close,"['#5121', '#5146']",10,3,"['juhasch', 'ellisonbg', 'jdfreder']"
4997,issue,fperez,2014-02-11T02:16:22Z,#5077,close,['#5077'],11,6,"['jabooth', 'fperez', 'tritemio', 'patricksnape', 'minrk', 'ellisonbg']"
4990,issue,takluyver,2014-02-13T00:13:07Z,#4996,close,['#4996'],2,2,"['y-p', 'takluyver']"
4989,issue,fperez,2014-02-02T19:54:50Z,,close,[],4,3,"['fperez', 'prasoon2211', 'takluyver']"
4988,pr,,,,,"['#4860', '#5320', '#6031']",15,6,"['Carreau', 'gibiansky', 'ivanov', 'jdfreder', 'ellisonbg', 'minrk']"
4987,issue,fperez,2014-02-20T18:22:10Z,,close,[],8,4,"['ellisonbg', 'jasongrout', 'jdfreder', 'fperez']"
4986,issue,jdfreder,2014-02-19T22:08:04Z,,close,"['#5035', '#5051']",6,3,"['damianavila', 'jdfreder', 'ellisonbg']"
4981,issue,ellisonbg,2014-02-03T21:05:28Z,#5004,close,['#5004'],1,2,"['ellisonbg', 'jdfreder']"
4976,issue,jdfreder,2014-02-03T23:48:45Z,,close,['#5010'],2,3,"['takluyver', 'ellisonbg', 'jdfreder']"
4971,pr,,,,,[],2,3,"['ellisonbg', 'jdfreder', 'minrk']"
4961,issue,ellisonbg,2014-02-04T23:27:23Z,#5012,close,"['#5011', '#5012']",1,1,['jdfreder']
4951,issue,minrk,2014-02-01T04:40:26Z,9b8c058,close,"['#4929', '#4959']",4,3,"['jdfreder', 'davidtrem', 'ellisonbg']"
4950,pr,,,,,[],2,2,"['ellisonbg', 'minrk']"
4948,issue,jdfreder,2014-01-29T23:33:12Z,,close,[],4,3,"['jdfreder', 'damianavila', 'keflavich']"
4947,issue,minrk,2014-01-29T23:29:12Z,,close,[],3,3,"['jdfreder', 'damianavila', 'minrk']"
4946,issue,minrk,2014-03-19T20:18:09Z,#5380,close,['#5380'],9,4,"['jdfreder', 'jakobgager', 'yoavram', 'RobertCoop']"
4945,issue,jdfreder,2014-03-17T18:38:10Z,,close,[],2,1,['jdfreder']
4944,issue,minrk,2014-03-26T00:56:08Z,,close,[],4,4,"['jdfreder', 'chenleo', 'damianavila', 'minrk']"
4941,issue,minrk,2014-03-20T19:32:28Z,#5387,close,['#5387'],10,4,"['jdfreder', 'pierre-haessig', 'fonnesbeck', 'minrk']"
4913,issue,jdfreder,2014-01-29T00:48:38Z,,close,[],4,2,"['jdfreder', 'minrk']"
4907,issue,takluyver,2014-01-29T19:12:46Z,da3801e,close,['#4912'],1,2,"['takluyver', 'minrk']"
4906,issue,takluyver,2014-01-29T19:12:46Z,68cef00,close,['#4912'],2,2,"['takluyver', 'minrk']"
4902,issue,jdfreder,2014-03-17T17:51:41Z,,close,[],12,7,"['juliantaylor', 'fdeheeger', 'damianavila', 'minrk', 'jdfreder', 'ksmith13', 'ellisonbg']"
4882,issue,ellisonbg,2014-01-29T18:58:50Z,#4890,close,['#4890'],4,3,"['astrofrog', 'ellisonbg', 'minrk']"
4871,issue,minrk,2014-01-29T23:59:11Z,32dc84b,close,['#4950'],2,2,"['panisson', 'ellisonbg']"
4860,issue,fperez,2014-02-22T02:08:19Z,#5112,close,['#5112'],7,3,"['Carreau', 'ellisonbg', 'takluyver']"
4841,issue,minrk,2014-10-02T23:27:53Z,,close,[],3,4,"['geggo', 'Carreau', 'minrk', 'ellisonbg']"
4839,issue,minrk,2014-03-05T01:44:26Z,,close,['#4840'],3,3,"['dsblank', 'ellisonbg', 'minrk']"
4835,issue,takluyver,2014-01-24T23:40:01Z,#4858,close,['#4858'],8,4,"['vincentwoo', 'takluyver', 'minrk', 'ellisonbg']"
4830,issue,thisch,2014-09-04T22:40:14Z,,close,[],3,2,"['thisch', 'ellisonbg']"
4829,issue,minrk,2014-03-03T04:15:26Z,#5252,close,['#5252'],18,5,"['jmbejara', 'takluyver', 'minrk', 'Tillsten', 'ellisonbg']"
4825,issue,minrk,2014-01-29T23:59:11Z,#4950,close,['#4950'],1,2,"['rgbkrk', 'ellisonbg']"
4822,issue,takluyver,2014-11-14T19:45:10Z,#6927,close,['#6927'],1,2,"['temp4746', 'ellisonbg']"
4816,issue,ellisonbg,2015-01-12T00:37:19Z,,close,[],2,3,"['ivanov', 'minrk', 'ellisonbg']"
4809,issue,minrk,2014-02-01T04:40:26Z,9b8c058,close,['#4929'],7,2,"['fonnesbeck', 'ellisonbg']"
4791,issue,y-p,2014-01-27T01:56:38Z,,close,['#4803'],9,4,"['y-p', 'jorisvandenbossche', 'takluyver', 'cpcloud']"
4777,issue,Carreau,2015-03-02T05:19:07Z,ae7f6d6,close,[],6,5,"['ivanov', 'ellisonbg', 'takluyver', 'minrk', 'Carreau']"
4759,issue,ivanov,2014-01-27T19:39:42Z,2dce7a8,close,['#4789'],1,1,['takluyver']
4742,issue,takluyver,2014-03-27T16:52:56Z,,close,[],10,4,"['bhaskar21', 'takluyver', 'albertotb', 'minrk']"
4729,issue,minrk,2014-10-02T23:39:14Z,,close,[],4,3,"['MattDMo', 'Carreau', 'minrk']"
4704,issue,takluyver,2014-01-31T19:38:43Z,#4934,close,['#4934'],1,1,['tkanmae']
4687,issue,minrk,2014-11-14T01:04:10Z,,close,[],3,3,"['moghimis', 'takluyver', 'minrk']"
4660,issue,minrk,2014-11-14T05:47:50Z,,close,[],4,4,"['abetkin', 'clayg', 'pahaz', 'minrk']"
4618,issue,minrk,2014-01-29T20:05:51Z,,close,[],12,6,"['ArcTanSusan', 'takluyver', 'damianavila', 'Carreau', 'ivanov', 'minrk']"
4602,issue,minrk,2013-11-27T01:36:11Z,#4609,close,['#4609'],5,3,"['mnishida', 'takluyver', 'minrk']"
4598,issue,takluyver,2013-11-26T00:10:46Z,#4599,close,['#4599'],3,2,"['RussellTaylor', 'minrk']"
4584,issue,minrk,2014-11-13T22:16:18Z,,close,[],5,2,"['samskillman', 'minrk']"
4583,issue,takluyver,2014-01-29T21:37:22Z,#4932,close,['#4932'],1,1,['ivanov']
4578,issue,takluyver,2013-11-26T22:25:22Z,#4581,close,"['#4579', '#4581']",7,3,"['ahmadia', 'takluyver', 'jdfreder']"
4574,issue,minrk,2013-12-19T17:49:16Z,#4575,close,['#4575'],2,2,"['thomasj02', 'minrk']"
4525,issue,takluyver,2016-02-15T13:06:48Z,#9228,close,"['#5388', '#9228']",4,4,"['Carreau', 'minrk', 'stevengj', 'xflr6']"
4493,issue,Carreau,2013-11-10T19:20:25Z,#4497,close,['#4497'],5,3,"['RussellTaylor', 'ivanov', 'minrk']"
4402,issue,minrk,2014-11-13T22:23:27Z,,close,[],6,2,"['takluyver', 'minrk']"
4397,issue,ellisonbg,2014-01-29T04:38:55Z,,close,[],4,2,"['jtratner', 'ellisonbg']"
4392,issue,takluyver,2013-12-13T22:34:45Z,,close,[],3,2,"['takluyver', 'garrison']"
4361,issue,minrk,2013-10-11T13:40:32Z,#4372,close,['#4372'],4,3,"['Carreau', 'takluyver', 'minrk']"
4334,issue,Carreau,2013-10-03T12:08:46Z,#4336,close,['#4336'],4,2,"['karissa', 'minrk']"
4296,issue,takluyver,2013-10-03T19:21:38Z,#4338,close,['#4338'],2,2,"['ksmith13', 'takluyver']"
4252,issue,minrk,2014-11-13T22:27:27Z,,close,[],4,2,"['devgi', 'minrk']"
4251,issue,ellisonbg,2014-02-04T23:02:04Z,#5025,close,"['#4090', '#4283', '#4284', '#4323', '#5025']",32,5,"['Carreau', 'jakobgager', 'v923z', 'jdfreder', 'minrk']"
4245,issue,minrk,2013-11-05T20:30:55Z,#4466,close,['#4466'],9,7,"['ihnorton', 'arne-cl', 'minrk', 'george-silva', 'Carreau', 'mfenner1', 'damianavila']"
4243,issue,takluyver,2013-09-23T21:45:00Z,71dcfc1,close,['#4259'],1,2,"['takluyver', 'minrk']"
4235,issue,minrk,2014-11-13T22:37:11Z,,close,[],2,2,"['takluyver', 'minrk']"
4234,issue,minrk,2014-01-29T19:57:13Z,,close,"['#4251', '#3503', '#4647']",13,6,"['ketch', 'ahmadia', 'damianavila', 'jakobgager', 'minrk', 'jdfreder']"
4223,issue,ellisonbg,2013-09-20T17:36:35Z,#4224,close,['#4224'],4,3,"['takluyver', 'jsw-fnal', 'minrk']"
4200,issue,minrk,2013-09-13T19:16:48Z,#4201,close,['#4201'],4,2,"['jakevdp', 'minrk']"
4194,issue,minrk,2014-01-29T19:52:02Z,,close,[],6,4,"['facundobatista', 'minrk', 'Carreau', 'damianavila']"
4156,issue,minrk,2013-09-04T15:50:30Z,#4158,close,['#4158'],1,1,['benjamin-hodgson']
4127,issue,minrk,2014-03-05T19:21:52Z,#5044,close,"['#2976', '#5022', '#5044']",5,5,"['takluyver', 'mgummelt', 'eddy-geek', 'mjwillson', 'minrk']"
4122,issue,takluyver,2013-09-14T01:06:06Z,#4205,close,"['#4181', '#4202', '#4205', '#3819']",13,3,"['mrmagooey', 'Carreau', 'jdfreder']"
4116,issue,takluyver,2015-12-03T09:38:59Z,,close,[],12,8,"['drevicko', 'ivanov', 'ellisonbg', 'dbarbeau', 'cswarth', 'takluyver', 'minrk', 'Carreau']"
4103,issue,takluyver,2013-08-27T17:56:01Z,#4106,close,['#4106'],2,2,"['WKarel', 'minrk']"
4100,issue,minrk,2013-08-25T12:10:08Z,#4101,close,['#4101'],2,2,"['WKarel', 'minrk']"
4078,issue,takluyver,2013-08-29T21:58:35Z,151b4ff,close,['#4137'],3,2,"['onesandzeroes', 'takluyver']"
4059,issue,takluyver,2013-08-29T18:56:50Z,#4060,close,['#4060'],8,2,"['asmeurer', 'minrk']"
4024,issue,minrk,2013-09-09T00:16:55Z,#4174,close,['#4174'],2,1,['Carreau']
4006,issue,ellisonbg,2014-02-04T23:03:11Z,#5018,close,['#5018'],4,3,"['ivanov', 'ellisonbg', 'takluyver']"
4005,issue,takluyver,2013-08-15T04:20:38Z,70d6bef,close,['#4016'],2,2,"['andreabedini', 'takluyver']"
4001,issue,minrk,2014-01-29T19:21:38Z,,close,['#3966'],6,4,"['SylvainCorlay', 'takluyver', 'ivanov', 'minrk']"
3968,issue,minrk,2013-08-09T19:48:47Z,#3973,close,"['#3973', '#3975']",10,4,"['jakobgager', 'takluyver', 'desktable', 'minrk']"
3959,issue,minrk,2014-01-29T19:13:54Z,,close,['#4112'],4,2,"['minrk', 'jdfreder']"
3954,issue,Carreau,2013-08-10T08:30:20Z,b8cf4d1,close,[],2,2,"['ivanov', 'Carreau']"
3944,issue,jdfreder,2013-08-09T16:30:03Z,,close,['#3961'],8,3,"['jdfreder', 'takluyver', 'minrk']"
3930,issue,minrk,2014-11-13T22:39:04Z,,close,[],3,2,"['thisch', 'minrk']"
3903,issue,jdfreder,2013-09-06T21:55:02Z,,close,"['#3943', '#4023', '#4036']",29,5,"['stonebig', 'Carreau', 'minrk', 'jdfreder', 'damianavila']"
3881,issue,ivanov,2013-08-04T14:26:29Z,,close,['#3882'],11,3,"['rgbkrk', 'ivanov', 'minrk']"
3858,issue,ellisonbg,2015-01-12T00:37:19Z,,close,[],2,3,"['dfarmer', 'minrk', 'ellisonbg']"
3837,issue,minrk,2013-07-31T20:38:42Z,#3840,close,"['#3838', '#3840']",1,1,['Carreau']
3791,issue,minrk,2014-01-29T19:33:37Z,,close,[],3,2,"['asmeurer', 'minrk']"
3786,issue,minrk,2013-07-27T00:38:53Z,#3787,close,['#3787'],11,2,"['fperez', 'minrk']"
3785,issue,Carreau,2013-07-26T17:06:21Z,#3789,close,['#3789'],6,3,"['fperez', 'minrk', 'Carreau']"
3774,issue,minrk,2013-08-06T19:34:17Z,#3913,close,['#3913'],8,4,"['richardeverson', 'Carreau', 'ivanov', 'jdfreder']"
3719,issue,minrk,2013-07-27T00:46:11Z,8d0a6b7,close,['#4085'],2,2,"['jstenar', 'llawall']"
3668,issue,minrk,2013-07-17T19:53:03Z,#3669,close,['#3669'],4,3,"['mspacek', 'ivanov', 'minrk']"
3661,issue,amelio-vazquez-reina,2013-07-16T23:23:34Z,,close,[],2,1,['amelio-vazquez-reina']
3659,issue,Carreau,2015-01-25T12:33:39Z,#7522,close,"['#7441', '#7522']",3,4,"['lajarre', 'minrk', 'Carreau', 'ellisonbg']"
3658,issue,minrk,2013-10-01T05:02:55Z,,close,[],11,6,"['amir-f', 'mgaitan', 'minrk', 'timtammittee', 'leni536', 'micramm']"
3657,issue,Carreau,2015-01-25T12:33:39Z,#7522,close,['#7522'],6,4,"['dpsanders', 'Carreau', 'damianavila', 'minrk']"
3653,issue,ellisonbg,2014-01-29T22:04:03Z,,close,['#4292'],5,4,"['mqlaql', 'minrk', 'Carreau', 'ellisonbg']"
3636,issue,ivanov,2013-08-05T21:29:04Z,#3911,close,['#3911'],12,5,"['ellisonbg', 'minrk', 'fdeheeger', 'ivanov', 'Carreau']"
3625,issue,ivanov,2013-07-13T21:13:14Z,35cab9f,close,['#3626'],5,2,"['insertinterestingnamehere', 'ivanov']"
3604,issue,takluyver,2013-07-17T21:02:47Z,#3606,close,['#3606'],12,3,"['ellisonbg', 'minrk', 'ahmadia']"
3589,issue,minrk,2014-01-25T23:05:03Z,,close,[],18,6,"['martijnvermaat', 'damianavila', 'akhmerov', 'Carreau', 'ellisonbg', 'minrk']"
3549,issue,ivanov,2013-07-05T23:20:22Z,#3552,close,"['#3552', '#4193', '#5120', '#5364', '#5446']",14,4,"['juhasch', 'ellisonbg', 'minrk', 'Carreau']"
3544,issue,minrk,2013-07-07T17:28:05Z,#3572,close,['#3572'],3,2,"['takluyver', 'minrk']"
3519,issue,minrk,2013-07-03T03:52:07Z,,close,[],3,2,"['samuela', 'minrk']"
3502,issue,minrk,2013-07-01T18:11:23Z,#3504,close,['#3504'],3,2,"['ellisonbg', 'minrk']"
3494,issue,minrk,2013-07-14T18:19:57Z,#3624,close,['#3624'],6,2,"['takluyver', 'minrk']"
3479,issue,Carreau,2013-07-10T09:02:41Z,,close,['#3498'],3,3,"['fperez', 'ellisonbg', 'Carreau']"
3474,issue,minrk,2013-06-29T22:16:46Z,#3491,close,['#3491'],1,1,['takluyver']
3462,issue,ivanov,2013-06-26T21:56:20Z,22236ba,close,[],1,1,['gaulinmp']
3441,issue,ellisonbg,2014-01-26T23:27:42Z,,close,"['#3605', '#3775']",10,5,"['ellisonbg', 'takluyver', 'minrk', 'Carreau', 'switham']"
3436,issue,ivanov,2013-07-17T21:11:59Z,#3568,close,['#3568'],5,3,"['asmeurer', 'minrk', 'takluyver']"
3424,issue,ellisonbg,2013-06-15T22:03:08Z,#3425,close,['#3425'],1,1,['Vash2593']
3386,issue,Carreau,2013-11-06T13:12:00Z,#4460,close,['#4460'],7,4,"['admk', 'takluyver', 'minrk', 'breamoreboy']"
3385,issue,takluyver,2013-05-30T18:52:52Z,3c4d819,close,['#3387'],7,3,"['takluyver', 'pleabargain', 'parinyahi']"
3376,issue,minrk,2013-05-29T22:55:09Z,#3377,close,['#3377'],2,2,"['asmeurer', 'minrk']"
3375,issue,Carreau,2013-06-02T15:40:49Z,#3378,close,['#3378'],7,2,"['fonnesbeck', 'minrk']"
3367,issue,metakermit,2014-03-05T16:56:25Z,,close,[],5,3,"['metakermit', 'minrk', 'ellisonbg']"
3361,issue,ellisonbg,2014-01-26T23:26:52Z,,close,"['#3515', '#3728']",20,8,"['fonnesbeck', 'Carreau', 'fperez', 'minrk', 'dpsanders', 'Zsailer', 'malayhm', 'ellisonbg']"
3349,issue,bfroehle,2013-05-22T17:14:42Z,,close,[],9,4,"['bfroehle', 'minrk', 'amitkot', 'takluyver']"
3346,issue,minrk,2013-10-09T22:10:38Z,,close,[],5,4,"['joonro', 'astrosilverio', 'minrk', 'dashesy']"
3345,issue,takluyver,2013-07-02T19:19:46Z,,close,[],9,3,"['amelio-vazquez-reina', 'takluyver', 'christopherhesse']"
3332,issue,ellisonbg,2014-01-27T00:06:50Z,,close,[],6,3,"['fonnesbeck', 'ellisonbg', 'michaelaye']"
3326,issue,GeorgViehoever,2013-05-23T11:06:54Z,,close,['#3328'],5,2,"['GeorgViehoever', 'minrk']"
3316,issue,minrk,2013-07-15T17:59:55Z,#3338,close,['#3338'],1,1,['takluyver']
3302,issue,takluyver,2013-07-01T12:40:06Z,,close,[],8,3,"['2sn', 'takluyver', 'Carreau']"
3280,issue,bfroehle,2013-05-10T15:17:20Z,5352194,close,['#3301'],1,1,['juliantaylor']
3257,issue,takluyver,2013-05-02T15:55:39Z,a18e013,close,"['#3258', '#3262']",1,1,['takluyver']
3246,issue,takluyver,2013-06-06T09:20:22Z,#3390,close,['#3390'],8,4,"['jseabold', 'minrk', 'takluyver', 'cpcloud']"
3245,issue,minrk,2013-07-17T17:27:12Z,#3662,close,['#3662'],3,3,"['asmeurer', 'takluyver', 'minrk']"
3241,issue,minrk,2013-05-29T01:02:24Z,,close,[],8,3,"['ginobvhc', 'minrk', 'hodiapa']"
3236,issue,minrk,2013-04-30T19:22:59Z,89abca7,close,['#3242'],2,2,"['babouaya', 'takluyver']"
3227,issue,minrk,2013-07-03T23:23:19Z,,close,['#3231'],6,2,"['tritemio', 'minrk']"
3218,issue,tachim,2013-04-24T23:19:33Z,,close,['#3220'],3,2,"['tachim', 'minrk']"
3206,issue,takluyver,2013-05-18T18:07:38Z,e3df40c,close,['#3323'],2,2,"['dhirschfeld', 'takluyver']"
3198,issue,minrk,2013-04-25T19:07:25Z,719c4f8,close,['#3201'],2,2,"['mrmagooey', 'minrk']"
3197,issue,minrk,2013-06-19T14:26:28Z,,close,[],8,4,"['Paradosso', 'minrk', 'fonnesbeck', 'Carreau']"
3195,issue,takluyver,2014-07-25T01:55:18Z,#6139,close,['#6139'],6,4,"['emka', 'minrk', 'ellisonbg', 'mbewley']"
3178,issue,takluyver,2013-04-21T18:04:29Z,014d7ca,close,"['#3182', '#3203']",8,5,"['juliantaylor', 'takluyver', 'minrk', 'grsr', 'ellisonbg']"
3176,issue,CamDavidsonPilon,2013-04-15T15:45:51Z,,close,[],5,3,"['CamDavidsonPilon', 'juhasch', 'ccordoba12']"
3124,issue,minrk,2013-07-09T18:50:54Z,#3560,close,['#3560'],3,2,"['jiffyclub', 'minrk']"
3111,issue,minrk,2014-12-12T19:14:18Z,#6896,close,['#6896'],13,6,"['peterswanson', 'takluyver', 'minrk', 'git42', 'mforbes', 'janschulz']"
3087,issue,minrk,2013-04-01T14:09:13Z,b1d999c,close,['#3102'],7,3,"['dmopalmer', 'Carreau', 'minrk']"
3084,issue,minrk,2013-03-31T17:39:00Z,04c4279,close,['#3097'],1,1,['juliantaylor']
3053,issue,minrk,2013-07-16T20:00:32Z,#3601,close,"['#3531', '#3601']",12,5,"['minrk', 'Carreau', 'sandeepraju', 'janschulz', 'ellisonbg']"
3044,issue,JDWarner,2013-10-11T05:31:35Z,,close,[],3,2,"['JDWarner', 'pablooliveira']"
3043,issue,Carreau,2013-11-13T10:50:46Z,#4514,close,['#4514'],7,2,"['skirpichev', 'minrk']"
3039,issue,minrk,2013-03-21T19:52:43Z,0ad2e21,close,['#3046'],8,2,"['jstenar', 'minrk']"
3029,issue,ellisonbg,2014-01-27T17:16:44Z,,close,[],6,5,"['skirpichev', 'minrk', 'switham', 'ellisonbg', 'damianavila']"
3020,issue,takluyver,2013-03-16T06:16:39Z,b0001fc,close,['#3022'],1,1,['takluyver']
3019,issue,minrk,2013-07-27T00:36:52Z,,close,[],10,6,"['ivanov', 'wamcvey', 'ellisonbg', 'bjanssen', 'chrisdembia', 'minrk']"
3010,issue,Carreau,2013-07-06T16:59:51Z,#3540,close,['#3540'],4,2,"['juliantaylor', 'minrk']"
3007,issue,minrk,2013-03-11T02:43:37Z,72bc759,close,"['#3013', '#3062']",3,3,"['juliantaylor', 'bfroehle', 'minrk']"
3001,issue,minrk,2013-06-19T14:39:44Z,,close,[],3,3,"['liyanage', 'ellisonbg', 'minrk']"
2993,issue,minrk,2013-03-04T19:59:21Z,8fcce72,close,['#2994'],2,2,"['goxberry', 'minrk']"
2988,issue,Carreau,2016-07-25T22:56:26Z,,close,['#3458'],6,6,"['the-moog', 'takluyver', 'chrisjordansquire', 'henryiii', 'Carreau', 'minrk']"
2955,issue,minrk,2013-03-10T23:12:40Z,7ec1888,close,['#2957'],4,2,"['ChrisBeaumont', 'minrk']"
2953,issue,minrk,2013-02-19T21:11:45Z,,close,[],2,2,"['sudoman', 'minrk']"
2943,issue,minrk,2013-02-20T20:04:53Z,427f551,close,['#2946'],9,2,"['joonro', 'minrk']"
2931,issue,minrk,2013-07-06T05:51:22Z,,close,[],4,3,"['d10genes', 'minrk', 'lesteve']"
2925,issue,minrk,2013-02-13T00:06:21Z,465f43c,close,['#2926'],2,2,"['y-p', 'minrk']"
2922,issue,minrk,2013-12-22T06:34:04Z,,close,[],4,3,"['arokem', 'minrk', 'ArcTanSusan']"
2890,issue,minrk,2013-02-07T17:21:30Z,17ffaf0,close,"['#2889', '#2893']",1,2,"['takluyver', 'minrk']"
2865,issue,minrk,2013-12-16T00:35:19Z,,close,['#4387'],4,3,"['rlmv', 'minrk', 'mrshu']"
2848,issue,minrk,2014-11-13T22:58:57Z,,close,[],6,2,"['Carreau', 'minrk']"
2838,issue,takluyver,2013-06-29T15:24:16Z,,close,[],2,2,"['lebigot', 'takluyver']"
2835,issue,takluyver,2013-04-11T16:43:11Z,,close,[],4,3,"['JoeCodeswell', 'minrk', 'takluyver']"
2834,issue,minrk,2013-03-27T19:20:41Z,d8ed554,close,['#3078'],2,2,"['minrk', 'satra']"
2823,issue,minrk,2013-07-06T05:58:16Z,,close,[],3,2,"['gitdoc', 'minrk']"
2821,issue,minrk,2013-07-04T01:17:35Z,,close,['#2829'],6,2,"['takluyver', 'minrk']"
2807,issue,minrk,2013-01-19T07:35:19Z,59bc5cd,close,['#2808'],4,2,"['takluyver', 'minrk']"
2794,issue,takluyver,2013-01-18T04:25:38Z,818ae35,close,['#2799'],2,2,"['takluyver', 'minrk']"
2793,issue,minrk,2013-01-18T04:03:08Z,a6d0b5e,close,['#2800'],7,3,"['richbwood', 'minrk', 'wesm']"
2790,issue,minrk,2013-06-29T18:32:41Z,#3483,close,"['#2809', '#3483']",3,3,"['lebigot', 'minrk', 'takluyver']"
2784,issue,takluyver,2013-01-29T13:31:39Z,,close,['#2864'],3,2,"['r-rathi', 'takluyver']"
2772,issue,minrk,2013-01-12T19:47:15Z,b02db49,close,['#2776'],2,2,"['dhirschfeld', 'minrk']"
2765,issue,bfroehle,2013-01-10T14:05:04Z,697ec09,close,['#2766'],7,4,"['chjuheng', 'bfroehle', 'TheChymera', 'Carreau']"
2762,issue,ellisonbg,2013-02-21T00:11:39Z,ac09b5e,close,['#2901'],4,4,"['karlacio', 'linshaova', 'lessandro', 'ellisonbg']"
2759,issue,takluyver,2013-01-10T04:22:26Z,1d350ef,close,['#2763'],5,2,"['takluyver', 'bfroehle']"
2758,issue,minrk,2014-11-13T22:54:43Z,,close,[],4,4,"['dcajacob', 'ArcTanSusan', 'Carreau', 'minrk']"
2742,issue,Carreau,2013-01-05T10:26:46Z,,close,['#2743'],3,2,"['blink1073', 'Carreau']"
2732,issue,takluyver,2013-01-29T10:53:51Z,,close,['#2844'],9,2,"['takluyver', 'gregcaporaso']"
2727,issue,bfroehle,2013-05-03T21:28:08Z,9087bb9,close,[],3,3,"['pag', 'bfroehle', 'tkf']"
2720,issue,Carreau,2013-07-04T09:24:34Z,#3528,close,['#3528'],3,2,"['Carreau', 'mrshu']"
2709,issue,minrk,2013-01-19T07:15:12Z,1cba5f9,close,['#2812'],3,3,"['piti118', 'bfroehle', 'minrk']"
2702,issue,Carreau,2013-07-18T15:54:27Z,#3677,close,['#3677'],12,4,"['eudoxos', 'takluyver', 'minrk', 'bfroehle']"
2693,issue,minrk,2013-07-04T00:37:14Z,,close,[],3,3,"['pavoljuhas', 'takluyver', 'minrk']"
2684,issue,bfroehle,2012-12-16T23:23:54Z,9b11523,close,['#2685'],1,1,['bfroehle']
2671,issue,minrk,2013-07-04T00:48:08Z,,close,[],10,6,"['pxnj63', 'Carreau', 'takluyver', 'minrk', 'martinfiers', 'damianavila']"
2667,issue,ellisonbg,2014-01-26T22:45:42Z,,close,[],6,3,"['linyige', 'ellisonbg', 'takluyver']"
2660,issue,bfroehle,2012-12-07T21:19:08Z,,close,[],4,3,"['timodonnell', 'takluyver', 'bfroehle']"
2652,issue,michaelaye,2013-07-04T01:02:26Z,,close,[],4,2,"['michaelaye', 'minrk']"
2642,issue,takluyver,2016-07-25T11:00:16Z,,close,[],10,4,"['rmcgibbo', 'takluyver', 'minrk', 'Carreau']"
2637,issue,takluyver,2012-12-02T23:35:55Z,a8a0f16,close,['#2638'],3,2,"['asmeurer', 'takluyver']"
2630,issue,ivanov,2013-07-17T21:11:59Z,#3568,close,['#3568'],4,3,"['SylvainCorlay', 'ivanov', 'takluyver']"
2612,issue,takluyver,2013-04-11T16:36:45Z,,close,['#2447'],16,3,"['joernhees', 'takluyver', 'jasongrout']"
2610,issue,minrk,2013-01-19T22:06:03Z,,close,[],2,2,"['ivanov', 'minrk']"
2580,issue,takluyver,2013-06-29T16:51:55Z,,close,[],8,3,"['Carreau', 'takluyver', 'bfroehle']"
2577,issue,ellisonbg,2013-07-01T04:38:21Z,#3484,close,['#3484'],4,2,"['amoffat', 'takluyver']"
2563,issue,minrk,2013-04-24T04:08:00Z,e7a98b1,close,[],7,3,"['jusic', 'minrk', 'joachimmetz']"
2560,issue,takluyver,2012-11-12T10:14:32Z,ea37b42,close,['#2561'],5,1,['takluyver']
2555,issue,bfroehle,2012-12-19T19:19:58Z,d5ed309,close,"['#2558', '#2690']",2,3,"['didzis', 'takluyver', 'bfroehle']"
2533,issue,Carreau,2012-12-16T22:06:26Z,13bc13e,close,['#2604'],4,3,"['filmor', 'takluyver', 'Carreau']"
2522,issue,minrk,2014-11-13T22:55:22Z,,close,"['#2768', '#3005']",17,5,"['juliantaylor', 'priyanksh', 'Carreau', 'ellisonbg', 'minrk']"
2520,issue,minrk,2013-07-04T00:25:07Z,,close,['#2526'],11,2,"['andreabedini', 'minrk']"
2477,issue,minrk,2013-01-20T02:08:08Z,,close,"['#2165', '#2478', '#2529', '#2534']",13,4,"['takluyver', 'tkf', 'bfroehle', 'minrk']"
2471,issue,minrk,2012-10-11T21:47:36Z,c930eff,close,"['#2479', '#5458']",2,2,"['gbrandonp', 'minrk']"
2470,issue,minrk,2013-07-04T01:15:05Z,,close,[],5,4,"['stefanv', 'tkf', 'Carreau', 'minrk']"
2466,issue,doda,2013-01-20T11:07:47Z,,close,['#2816'],3,2,"['doda', 'minrk']"
2465,issue,doda,2015-04-14T06:57:27Z,,close,[],12,5,"['doda', 'mgaitan', 'takluyver', 'JustinL42', 'minrk']"
2438,issue,minrk,2013-04-11T05:40:23Z,ad7b12c,close,['#2712'],4,3,"['pv', 'minrk', 'piti118']"
2434,issue,Carreau,2013-07-04T09:26:06Z,#3530,close,['#3530'],8,5,"['ivanov', 'takluyver', 'fperez', 'endolith', 'Carreau']"
2431,issue,minrk,2013-07-31T19:04:57Z,#3854,close,['#3854'],6,3,"['femibyte', 'takluyver', 'reece']"
2419,issue,Carreau,2012-12-30T12:38:04Z,,close,['#2420'],3,3,"['teegaar', 'mrshu', 'Carreau']"
2390,issue,minrk,2013-05-01T03:51:31Z,,close,[],4,4,"['fperez', 'stefanv', 'ellisonbg', 'minrk']"
2385,issue,minrk,2013-04-06T19:14:52Z,d3b4926,close,['#3136'],4,3,"['tkf', 'juliantaylor', 'bfroehle']"
2380,issue,minrk,2013-07-04T01:34:50Z,,close,['#2294'],10,7,"['mdboom', 'bfroehle', 'fperez', 'minrk', 'iltommi', 'takluyver', 'cclaan']"
2374,issue,minrk,2012-10-11T19:32:32Z,fcc0c73,close,['#2377'],16,4,"['astrofrog', 'takluyver', 'minrk', 'bfroehle']"
2372,issue,minrk,2012-09-03T13:36:58Z,5b09a81,close,['#2373'],1,2,"['juliantaylor', 'minrk']"
2361,issue,minrk,2012-08-30T20:11:19Z,bf94297,close,[],4,2,"['ikn', 'minrk']"
2315,issue,jstenar,2012-08-28T06:10:53Z,,close,[],3,2,"['jstenar', 'takluyver']"
2314,issue,bfroehle,2012-09-06T20:23:46Z,52bdc1d,close,['#2370'],2,2,"['mjs85', 'bfroehle']"
2303,issue,minrk,2012-08-26T23:16:20Z,09b440a,close,['#2305'],4,3,"['juliantaylor', 'takluyver', 'minrk']"
2289,issue,fperez,2012-11-02T04:51:57Z,2962dae,close,"['#2325', '#2337', '#2349']",11,7,"['fperez', 'bfroehle', 'matthew-brett', 'antonl', 'minrk', 'mattions', 'Carreau']"
2283,issue,takluyver,2013-06-29T21:50:49Z,,close,[],5,5,"['jtriley', 'minrk', 'dalejung', 'mrshu', 'takluyver']"
2279,issue,minrk,2013-07-04T00:24:52Z,,close,"['#1831', '#2432']",12,4,"['fperez', 'rkern', 'bfroehle', 'minrk']"
2273,issue,fperez,2012-08-13T04:23:14Z,,close,[],4,3,"['a6073758', 'takluyver', 'fperez']"
2266,issue,minrk,2012-08-11T04:32:54Z,f9a87d2,close,[],4,4,"['ikn', 'bfroehle', 'fperez', 'minrk']"
2252,issue,dandavison,2012-08-06T00:59:37Z,,close,"['#2253', '#2261']",3,2,"['dandavison', 'takluyver']"
2244,issue,Carreau,2012-11-17T17:02:04Z,4e73029,close,['#2574'],3,3,"['wkerzendorf', 'bfroehle', 'Carreau']"
2243,issue,bfroehle,2012-08-12T20:44:53Z,,close,['#2245'],3,1,['bfroehle']
2239,issue,minrk,2012-08-09T22:52:46Z,75c66c8,close,['#2246'],1,1,['minrk']
2235,pr,bfroehle,2012-08-01T23:23:00Z,42a9d76,merge,[],2,2,"['minrk', 'bfroehle']"
2223,pr,takluyver,2012-07-31T11:58:22Z,06c27d8,merge,"['#2303', '#2305']",13,3,"['takluyver', 'minrk', 'Carreau']"
2221,issue,takluyver,2012-07-31T11:58:24Z,06c27d8,close,['#2223'],2,2,"['takluyver', 'minrk']"
2220,issue,bfroehle,2012-10-23T16:32:26Z,,close,"['#2207', '#2500']",7,4,"['bfroehle', 'y-p', 'minrk', 'Carreau']"
2213,issue,minrk,2012-07-29T23:30:14Z,2ff8a90,close,['#2214'],1,2,"['MatthewTurk', 'minrk']"
2210,issue,minrk,2013-01-19T07:01:11Z,,close,[],2,2,"['bicubic', 'minrk']"
2208,issue,Carreau,2016-07-25T22:50:05Z,,close,[],10,3,"['klonuo', 'takluyver', 'Carreau']"
2197,issue,Carreau,2016-07-25T22:49:56Z,,close,[],3,2,"['klonuo', 'Carreau']"
2195,issue,fperez,2012-07-26T17:51:19Z,e9d22bf,close,['#2198'],5,3,"['fperez', 'bfroehle', 'Carreau']"
2194,pr,bfroehle,2012-07-27T02:03:31Z,157d99a,merge,['#2187'],8,4,"['minrk', 'jasongrout', 'ellisonbg', 'bfroehle']"
2188,issue,minrk,2013-01-20T01:05:07Z,,close,[],6,6,"['jchayat', 'fperez', 'jbruck', 'takluyver', 'shawnlower', 'minrk']"
2187,issue,bfroehle,2012-07-27T05:08:22Z,,close,['#2194'],5,3,"['tkf', 'bfroehle', 'minrk']"
2169,pr,bfroehle,2012-07-23T20:16:41Z,2e3f3b3,merge,[],17,4,"['bfroehle', 'takluyver', 'fperez', 'minrk']"
2162,issue,fperez,2012-07-20T07:04:04Z,2933cdd,close,['#2170'],2,2,"['joonro', 'fperez']"
2161,issue,minrk,2013-07-04T00:18:13Z,,close,[],2,2,"['fperez', 'minrk']"
2151,issue,pierre-haessig,2012-07-17T11:49:56Z,,close,[],6,3,"['pierre-haessig', 'Carreau', 'minrk']"
2146,issue,takluyver,2014-04-20T17:23:03Z,,close,[],8,7,"['pberkes', 'bfroehle', 'adlh', 'fperez', 'robyoung', 'takluyver', 'minrk']"
2126,pr,minrk,2012-07-15T01:49:14Z,3c4aa39,merge,[],9,3,"['guyhf', 'bfroehle', 'minrk']"
2108,issue,fperez,2012-07-08T20:15:49Z,9bd0c90,close,['#2110'],18,2,"['asmeurer', 'fperez']"
2099,issue,minrk,2012-07-21T16:14:51Z,7fedb4a,close,['#2185'],2,3,"['takluyver', 'fperez', 'minrk']"
2098,issue,minrk,2013-01-19T21:31:41Z,,close,[],2,2,"['fperez', 'minrk']"
2097,issue,takluyver,2012-09-29T12:40:56Z,d347c34,close,['#2389'],8,5,"['fperez', 'nebulans', 'noinflection', 'takluyver', 'minrk']"
2085,issue,Carreau,2012-07-10T19:53:55Z,a9e7148,close,['#2086'],4,5,"['ibeex', 'Carreau', 'bfroehle', 'fperez', 'minrk']"
2082,issue,Carreau,2012-07-05T16:54:37Z,dd5f651,close,['#2101'],8,3,"['bfroehle', 'fperez', 'Carreau']"
2080,issue,bfroehle,2012-11-03T15:27:08Z,66c77ff,close,['#2294'],17,5,"['denisri', 'Carreau', 'fperez', 'jdmarch', 'bfroehle']"
2075,issue,minrk,2012-07-01T23:21:54Z,70ea9a8,close,['#2076'],4,3,"['jenshnielsen', 'fperez', 'minrk']"
2071,issue,minrk,2013-01-19T22:09:38Z,,close,[],16,5,"['sunqiang', 'minrk', 'fperez', 'jstenar', 'temp4746']"
2057,issue,fperez,2012-07-01T06:58:44Z,ba2907d,close,['#2063'],20,3,"['juliantaylor', 'fperez', 'minrk']"
2056,issue,Carreau,2012-06-30T14:39:25Z,e7a6506,close,['#2061'],1,2,"['juliantaylor', 'Carreau']"
2054,issue,minrk,2012-06-30T22:57:24Z,e682e91,close,['#2068'],1,1,['minrk']
2039,issue,wkerzendorf,2012-06-25T21:58:25Z,,close,[],6,2,"['wkerzendorf', 'minrk']"
2018,issue,fperez,2014-02-02T02:20:22Z,,close,"['#1888', '#2148']",7,4,"['jdmarch', 'fperez', 'jstenar', 'minrk']"
1984,issue,minrk,2012-06-20T20:50:09Z,,close,['#1981'],18,3,"['tkf', 'minrk', 'takluyver']"
1982,issue,minrk,2012-06-20T03:38:23Z,cb305fc,close,['#1988'],2,2,"['tburnett', 'minrk']"
1963,issue,minrk,2012-06-15T00:53:59Z,6927660,close,[],9,3,"['kernc', 'minrk', 'takluyver']"
1961,issue,minrk,2012-06-15T00:53:59Z,4eb5db2,close,['#1962'],3,3,"['kernc', 'takluyver', 'minrk']"
1941,issue,minrk,2012-06-13T09:39:00Z,3606205,close,['#1942'],3,2,"['juliantaylor', 'minrk']"
1924,issue,fperez,2012-06-13T07:24:43Z,21edb9c,close,['#1925'],8,4,"['fperez', 'takluyver', 'minrk', 'int3']"
1916,issue,takluyver,2012-06-12T22:39:15Z,2e28c7b,close,"['#1893', '#1932']",6,4,"['minrk', 'fperez', 'takluyver', 'bfroehle']"
1914,issue,takluyver,2012-06-11T21:23:09Z,08402f9,close,['#1715'],5,3,"['jstenar', 'fperez', 'takluyver']"
1912,issue,ellisonbg,2013-07-01T04:42:40Z,#3488,close,"['#1911', '#1893', '#3488']",1,1,['fperez']
1908,issue,fperez,2012-06-11T19:31:04Z,4af3a6a,close,[],6,3,"['jstenar', 'takluyver', 'fperez']"
1904,issue,minrk,2012-06-11T07:51:57Z,cf4447b,close,['#1906'],3,2,"['fperez', 'minrk']"
1901,issue,jdmarch,2012-06-24T23:49:01Z,bbc8619,close,"['#1888', '#2025']",10,2,"['jdmarch', 'minrk']"
1890,issue,fperez,2012-06-12T04:14:19Z,df97f2d,close,['#1921'],1,1,['fperez']
1885,issue,minrk,2012-06-25T01:54:00Z,48d4896,close,['#2030'],1,2,"['juliantaylor', 'minrk']"
1884,issue,minrk,2012-09-06T02:44:34Z,c1d0b69,close,['#2378'],1,1,['minrk']
1874,issue,fperez,2012-06-08T04:10:47Z,7067c17,close,['#1882'],2,3,"['ivanov', 'takluyver', 'fperez']"
1860,issue,Carreau,2012-06-10T19:22:49Z,981ef5c,close,['#1875'],4,2,"['Carreau', 'takluyver']"
1840,issue,Carreau,2012-06-08T03:12:44Z,81fb4e9,close,['#1841'],2,2,"['fperez', 'Carreau']"
1827,issue,takluyver,2012-06-08T21:12:26Z,bcfb30d,close,['#1864'],4,3,"['takluyver', 'minrk', 'fperez']"
1824,issue,minrk,2013-10-06T19:45:12Z,#4346,close,"['#4221', '#4346']",1,1,['amir-f']
1802,issue,fperez,2012-05-31T18:33:29Z,,close,['#1807'],3,2,"['takluyver', 'fperez']"
1799,issue,fperez,2012-06-11T06:11:45Z,44b8121,close,['#1845'],8,3,"['fperez', 'takluyver', 'bfroehle']"
1789,issue,takluyver,2013-04-20T13:07:45Z,,close,[],7,3,"['timo', 'takluyver', 'fperez']"
1781,issue,minrk,2012-06-06T23:24:06Z,66a567b,close,['#1815'],2,2,"['bfroehle', 'minrk']"
1777,issue,takluyver,2012-05-31T00:55:56Z,0eeff21,close,['#1792'],5,3,"['buzmakov', 'fperez', 'takluyver']"
1775,issue,fperez,2012-06-01T01:02:34Z,8a438b4,close,['#1813'],9,3,"['takluyver', 'fperez', 'minrk']"
1774,issue,fperez,2012-06-11T05:14:28Z,,close,"['#1776', '#1782']",6,3,"['jenshnielsen', 'Carreau', 'fperez']"
1772,issue,minrk,2012-06-01T17:06:07Z,,close,[],3,3,"['piti118', 'Carreau', 'minrk']"
1767,issue,Carreau,2012-06-17T14:42:39Z,3ee91c3,close,"['#1732', '#1829', '#1944']",7,4,"['fperez', 'asmeurer', 'Carreau', 'ellisonbg']"
1766,issue,takluyver,2012-05-27T09:31:34Z,,close,[],4,3,"['takluyver', 'minrk', 'fperez']"
1738,issue,ellisonbg,2012-05-31T20:44:46Z,,close,['#1630'],2,2,"['minrk', 'ellisonbg']"
1730,issue,takluyver,2014-11-24T20:28:40Z,#7005,close,"['#6926', '#7005']",2,2,"['dmd', 'bfroehle']"
1723,issue,fperez,2012-05-11T01:17:51Z,68fa263,close,['#1724'],1,2,"['minrk', 'fperez']"
1722,issue,jstenar,2012-05-10T18:17:42Z,,close,[],4,2,"['jstenar', 'takluyver']"
1696,issue,Carreau,2012-05-06T08:42:06Z,a32ceb2,close,['#1698'],4,3,"['piti118', 'fperez', 'Carreau']"
1688,issue,jstenar,2012-09-06T13:05:23Z,,close,"['#1715', '#2043']",18,4,"['jstenar', 'minrk', 'fperez', 'takluyver']"
1683,issue,minrk,2012-05-02T22:09:18Z,,close,['#1687'],2,2,"['takluyver', 'minrk']"
1679,issue,bfroehle,2012-11-08T18:11:58Z,63dfa20,close,['#2554'],3,2,"['fperez', 'bfroehle']"
1678,issue,minrk,2012-06-15T20:44:18Z,172b680,close,['#1965'],7,4,"['ivanov', 'fperez', 'takluyver', 'minrk']"
1677,issue,fperez,2012-05-01T00:43:57Z,,close,[],9,3,"['ivanov', 'minrk', 'fperez']"
1667,issue,minrk,2012-04-28T19:45:39Z,feff928,close,['#1669'],2,2,"['takluyver', 'minrk']"
1653,issue,minrk,2012-04-27T19:40:41Z,8bfca10,close,['#1656'],5,3,"['takluyver', 'fperez', 'minrk']"
1647,issue,kaazoo,2012-05-31T21:30:54Z,,close,['#1630'],11,2,"['kaazoo', 'minrk']"
1636,issue,fperez,2012-04-23T02:36:57Z,9b5abe1,close,['#1645'],3,3,"['jenshnielsen', 'fperez', 'takluyver']"
1635,issue,minrk,2012-06-20T20:53:11Z,,close,[],10,4,"['minrk', 'fperez', 'jstenar', 'ivanov']"
1632,issue,jdmarch,2012-06-11T04:14:57Z,e241de7,close,"['enthought/ipython#1', '#1708', '#1709', '#1902']",19,6,"['jdmarch', 'fperez', 'takluyver', 'mwiebe', 'minrk', 'jstenar']"
1628,issue,jdmarch,2012-04-19T18:56:44Z,e3e7134,close,['#1631'],3,3,"['minrk', 'fperez', 'jdmarch']"
1622,issue,takluyver,2012-04-18T20:04:32Z,74f5db3,close,['#1625'],2,1,['takluyver']
1593,issue,minrk,2012-06-11T01:55:43Z,,close,"['#1702', '#1816']",6,4,"['takluyver', 'fperez', 'ellisonbg', 'minrk']"
1591,issue,takluyver,2013-08-21T19:17:02Z,6072327,close,['#4084'],7,3,"['andrewgohlk', 'takluyver', 'stonebig']"
1578,issue,ellisonbg,2014-01-26T21:52:40Z,,close,[],2,1,['ellisonbg']
1577,issue,fperez,2012-06-10T23:33:26Z,41f79e7,close,"['#1752', '#1889']",6,4,"['ellisonbg', 'invisibleroads', 'Carreau', 'fperez']"
1574,issue,fperez,2012-04-14T00:38:42Z,,close,['#1573'],2,2,"['jdmarch', 'fperez']"
1572,issue,minrk,2012-06-13T07:09:56Z,ee28689,close,['#1935'],2,3,"['matthew-brett', 'alexlouden', 'minrk']"
1564,issue,ivanov,2012-04-15T05:53:26Z,,close,['#1565'],4,2,"['ivanov', 'minrk']"
1561,issue,fperez,2012-04-14T03:30:00Z,9249576,close,['#1569'],1,2,"['jdmarch', 'fperez']"
1551,issue,minrk,2013-12-13T19:59:06Z,,close,[],5,4,"['jstenar', 'minrk', 'ihnorton', 'ArcTanSusan']"
1549,issue,fperez,2012-06-11T19:41:54Z,,close,[],11,6,"['feuermelder', 'pv', 'takluyver', 'fperez', 'orodbhen', 'gojomo']"
1545,issue,fperez,2012-04-15T00:20:50Z,c4cf940,close,"['#1480', '#1954']",1,2,"['minrk', 'fperez']"
1542,issue,minrk,2012-06-13T07:18:55Z,8d53f9a,close,['#1937'],7,4,"['fperez', 'takluyver', 'ivanov', 'minrk']"
1532,issue,minrk,2012-05-31T03:13:19Z,090f718,close,['#1707'],1,2,"['klonuo', 'minrk']"
1520,issue,fperez,2012-04-24T05:59:07Z,64a5061,close,['#1652'],20,5,"['dfarmer', 'takluyver', 'fperez', 'minrk', 'wesm']"
1518,issue,minrk,2012-03-26T20:47:31Z,,close,['#1519'],2,2,"['doerwalter', 'minrk']"
1512,issue,minrk,2012-04-26T00:45:31Z,538bc5a,close,['#1662'],2,3,"['asmeurer', 'bfroehle', 'minrk']"
1507,issue,minrk,2012-03-16T23:30:01Z,7db18f8,close,['#1508'],2,2,"['juliantaylor', 'minrk']"
1503,issue,fperez,2012-06-11T02:16:08Z,,close,['#1883'],36,10,"['chrodan', 'ellisonbg', 'pynixwang', 'rrrsadowski', 'certik', 'fperez', 'mcelrath', 'minrk', 'jtratner', 'ivanov']"
1500,issue,minrk,2012-04-25T18:03:53Z,,close,[],4,3,"['andrewgiessel', 'bfroehle', 'minrk']"
1499,issue,fperez,2012-04-14T09:33:30Z,d13bbaf,close,['#1502'],3,3,"['juliantaylor', 'minrk', 'fperez']"
1494,issue,Carreau,2012-04-02T13:19:50Z,,close,[],8,4,"['Carreau', 'takluyver', 'minrk', 'jeffhsu3']"
1487,issue,fperez,2012-04-15T00:33:15Z,,close,[],3,3,"['timmie', 'takluyver', 'fperez']"
1482,issue,minrk,2012-03-15T23:07:29Z,,close,['#1483'],4,3,"['ahmadia', 'takluyver', 'minrk']"
1479,issue,takluyver,2012-04-23T14:22:10Z,72d5107,close,['#1633'],1,1,['takluyver']
1470,issue,takluyver,2012-04-18T20:08:56Z,975e8c4,close,"['#1595', '#1624']",1,1,['takluyver']
1464,issue,Carreau,2012-07-28T10:41:02Z,43a8117,close,"['cschin/ipython#1', '#2078', '#2079']",6,5,"['cschin', 'takluyver', 'ellisonbg', 'fperez', 'Carreau']"
1461,issue,fperez,2012-06-13T07:23:01Z,958821f,close,"['#1786', '#1936', '#2079']",2,3,"['Carreau', 'takluyver', 'fperez']"
1459,issue,minrk,2013-06-19T21:14:39Z,,close,"['#2351', '#2352']",5,3,"['Carreau', 'ellisonbg', 'minrk']"
1456,issue,takluyver,2012-08-02T09:36:19Z,298fdab,close,"['#2232', '#2512', '#5712']",12,5,"['mwiebe', 'takluyver', 'nealmcb', 'rainwoodman', 'merwok']"
1442,issue,fperez,2012-05-10T00:07:26Z,6cbe507,close,['#1691'],6,4,"['yigiter', 'takluyver', 'minrk', 'fperez']"
1439,issue,fperez,2012-02-28T23:14:52Z,5c23e25,close,['#1451'],6,4,"['joonro', 'ellisonbg', 'minrk', 'fperez']"
1428,issue,fperez,2012-06-11T20:42:51Z,967ce49,close,['#1440'],25,4,"['jstenar', 'fperez', 'takluyver', 'Carreau']"
1426,issue,minrk,2012-06-11T02:05:04Z,,close,[],3,3,"['fperez', 'mwiebe', 'minrk']"
1425,issue,fperez,2012-07-07T21:23:50Z,,close,[],5,3,"['fperez', 'cschin', 'piti118']"
1423,issue,ivanov,2014-06-17T04:49:07Z,,close,[],4,3,"['kuchi', 'minrk', 'ivanov']"
1421,issue,takluyver,2012-04-15T21:52:45Z,3e1a509,close,"['#1452', '#1599']",3,3,"['ShereKahn', 'takluyver', 'yigiter']"
1412,issue,minrk,2012-02-27T21:20:51Z,4480299,close,['#1414'],2,2,"['wesm', 'minrk']"
1409,issue,Carreau,2012-06-12T18:00:21Z,,close,[],2,1,['Carreau']
1408,issue,minrk,2012-02-21T15:21:14Z,,close,['#1413'],2,2,"['takluyver', 'minrk']"
1407,issue,fperez,2012-02-15T13:22:10Z,,close,[],19,6,"['pshchelo', 'fperez', 'minrk', 'venabled', 'cbmoore', 'Carreau']"
1401,issue,minrk,2012-03-25T06:49:20Z,bbcc4ed,close,['#1477'],2,2,"['disjunctor', 'minrk']"
1392,issue,takluyver,2015-06-22T19:28:03Z,,close,[],17,8,"['aweinstein', 'fperez', 'takluyver', 'minrk', 'anntzer', 'dashesy', 'jrovegno', 'slehar']"
1381,issue,minrk,2013-05-13T15:22:42Z,,close,[],5,4,"['fperez', 'v923z', 'tburnett', 'minrk']"
1373,issue,minrk,2013-06-19T21:17:40Z,,close,[],7,5,"['rrrsadowski', 'tburnett', 'thisch', 'ellisonbg', 'minrk']"
1360,issue,takluyver,2012-02-17T20:19:55Z,,close,['#1368'],7,4,"['reckoner', 'ellisonbg', 'minrk', 'takluyver']"
1359,issue,fperez,2012-02-02T21:41:05Z,54c3e06,close,['#1361'],2,2,"['miham', 'fperez']"
1356,issue,minrk,2014-11-14T00:09:23Z,,close,['#1415'],3,3,"['eteq', 'takluyver', 'minrk']"
1349,issue,minrk,2013-10-16T10:55:06Z,#4363,close,['#4363'],8,4,"['Carreau', 'takluyver', 'ellisonbg', 'minrk']"
1345,issue,minrk,2012-02-08T23:14:49Z,8e8b2a9,close,['#1353'],6,3,"['jordens', 'takluyver', 'minrk']"
1344,issue,fperez,2012-02-02T21:41:04Z,54c3e06,close,['#1361'],5,3,"['v923z', 'fperez', 'ellisonbg']"
1339,issue,fperez,2012-02-02T21:41:04Z,54c3e06,close,['#1361'],7,3,"['fperez', 'ellisonbg', 'markvoorhies']"
1337,issue,fperez,2012-02-02T21:41:04Z,54c3e06,close,['#1361'],2,1,['fperez']
1323,issue,takluyver,2013-08-16T22:17:48Z,,close,[],6,3,"['mwiebe', 'takluyver', 'stonebig']"
1321,issue,Carreau,2016-07-25T22:46:02Z,,close,['#1424'],6,3,"['mwiebe', 'minrk', 'Carreau']"
1317,issue,takluyver,2012-01-29T19:25:54Z,9fbeb53,close,['#1341'],19,3,"['wesm', 'takluyver', 'minrk']"
1313,issue,minrk,2012-04-27T20:38:19Z,,close,[],10,5,"['ivanov', 'ellisonbg', 'fperez', 'minrk', 'allo-']"
1308,issue,bfroehle,2012-11-08T18:29:20Z,,close,[],6,4,"['bshanks', 'fperez', 'minrk', 'bfroehle']"
1305,issue,minrk,2014-11-14T00:08:31Z,,close,[],2,2,"['airdrik', 'minrk']"
1304,issue,minrk,2012-01-23T22:14:21Z,1487f2f,close,['#1312'],4,2,"['minrk', 'ellisonbg']"
1302,issue,fperez,2012-01-21T03:04:09Z,6bc0f53,close,['#1306'],5,3,"['wesm', 'ivanov', 'fperez']"
1297,issue,minrk,2012-06-25T19:05:46Z,280759b,close,['#2038'],3,2,"['eggsyntax', 'minrk']"
1290,issue,fperez,2012-01-20T00:12:25Z,,close,['#1291'],4,3,"['stefanv', 'fperez', 'ellisonbg']"
1286,issue,minrk,2016-02-01T10:30:28Z,,close,"['#2895', '#3112']",8,5,"['segasai', 'kanzure', 'bfroehle', 'minrk', 'tacaswell']"
1281,issue,minrk,2012-01-18T20:56:54Z,8e9cbc1,close,['#1283'],4,3,"['rameshvs', 'fperez', 'minrk']"
1271,issue,ellisonbg,2015-01-12T00:37:19Z,,close,[],3,4,"['ivanov', 'minrk', 'fperez', 'ellisonbg']"
1269,issue,ivanov,2012-01-18T06:22:53Z,84910f5,close,['#1284'],6,4,"['wesm', 'takluyver', 'ivanov', 'fperez']"
1268,issue,minrk,2012-03-07T00:08:26Z,,close,['#1288'],5,4,"['ivanov', 'fperez', 'takluyver', 'minrk']"
1260,issue,minrk,2012-01-14T04:18:21Z,1c4daed,close,"['#1262', '#1266']",7,4,"['minrk', 'fperez', 'ellisonbg', 'bluescarni']"
1258,issue,fperez,2012-06-28T01:51:25Z,28ad69d,close,['#2015'],18,6,"['wesm', 'fperez', 'rkern', 'takluyver', 'bfroehle', 'jseabold']"
1255,issue,ellisonbg,2012-04-12T19:47:04Z,,close,[],5,3,"['Krastanov', 'minrk', 'ellisonbg']"
1254,issue,ellisonbg,2012-02-07T19:51:36Z,,close,[],4,4,"['juliantaylor', 'minrk', 'takluyver', 'ellisonbg']"
1251,issue,takluyver,2012-01-21T01:40:46Z,,close,['#1259'],10,4,"['kaazoo', 'minrk', 'takluyver', 'bfroehle']"
1241,issue,minrk,2012-03-16T23:33:05Z,db762d9,close,['#1496'],1,2,"['fperez', 'minrk']"
1240,issue,minrk,2012-05-03T18:04:27Z,79e365b,close,['#1689'],2,2,"['rabbitmcrabbit', 'minrk']"
1237,issue,ellisonbg,2012-04-12T19:11:23Z,,close,[],2,1,['ellisonbg']
1235,issue,ellisonbg,2012-01-24T03:30:44Z,,close,[],1,1,['ellisonbg']
1232,issue,fperez,2012-01-17T18:50:46Z,,close,[],30,7,"['anderwm', 'fperez', 'minrk', 'dwf', 'kyzyl', 'osiloke', 'Carreau']"
1228,issue,ellisonbg,2015-01-12T00:37:19Z,,close,['#1597'],15,5,"['rabbitmcrabbit', 'minrk', 'punchagan', 'fperez', 'ellisonbg']"
1226,issue,takluyver,2012-05-05T11:34:49Z,,close,['#1245'],8,2,"['gbrandonp', 'takluyver']"
1225,issue,fperez,2012-01-13T00:11:10Z,3782b5c,close,['#1229'],4,3,"['culler', 'takluyver', 'fperez']"
1209,issue,minrk,2013-01-19T22:52:52Z,,close,[],3,2,"['Carreau', 'minrk']"
1205,issue,ellisonbg,2012-01-31T20:52:11Z,,close,['#1206'],3,2,"['minrk', 'ellisonbg']"
1204,issue,piti118,2011-12-24T21:18:07Z,,close,['#1207'],4,2,"['piti118', 'minrk']"
1201,issue,takluyver,2012-04-15T21:37:54Z,e913c0b,close,['#1602'],2,3,"['ColMcp', 'fperez', 'takluyver']"
1200,issue,minrk,2013-01-19T22:35:52Z,,close,[],9,3,"['robert99', 'takluyver', 'minrk']"
1198,issue,minrk,2012-01-06T10:06:48Z,,close,['#1187'],15,3,"['anderwm', 'minrk', 'ellisonbg']"
1197,issue,takluyver,2011-12-28T18:33:53Z,010073c,close,['#1259'],13,3,"['holmboe', 'minrk', 'takluyver']"
1191,issue,minrk,2011-12-21T10:05:58Z,,close,['#1187'],4,2,"['hayne', 'minrk']"
1186,issue,Carreau,2011-12-25T22:14:10Z,,close,[],2,1,['Carreau']
1184,issue,minrk,2014-01-29T03:56:31Z,,close,[],22,5,"['efiring', 'fperez', 'takluyver', 'jenshnielsen', 'minrk']"
1183,issue,takluyver,2012-06-24T18:43:34Z,,close,[],6,3,"['juliantaylor', 'bfroehle', 'takluyver']"
1181,issue,ellisonbg,2014-01-29T19:07:20Z,#4915,close,['#4915'],2,2,"['rabbitmcrabbit', 'minrk']"
1170,issue,fperez,2011-12-18T02:39:29Z,c8874d7,close,['#1173'],8,3,"['juliantaylor', 'fperez', 'minrk']"
1157,issue,fperez,2011-12-15T22:09:53Z,464cb89,close,"['#1160', '#9495']",24,9,"['fperez', 'bfroehle', 'minrk', 'juliantaylor', 'Carreau', 'isofer', 'jclevesque', 'keflavich', 'MaxNoe']"
1156,issue,fperez,2011-12-15T22:44:49Z,688cc09,close,"['#1158', '#1159']",7,4,"['Midnighter', 'takluyver', 'fperez', 'bfroehle']"
1148,issue,minrk,2011-12-13T20:09:17Z,26662f4,close,[],6,3,"['jstenar', 'minrk', 'takluyver']"
1145,issue,Carreau,2013-07-06T16:54:58Z,#3529,close,['#3529'],2,2,"['miham', 'minrk']"
1136,issue,takluyver,2011-12-13T00:15:41Z,,close,['#1140'],7,3,"['g2p', 'takluyver', 'fperez']"
1134,issue,epatters,2011-12-14T04:23:33Z,cbfb011,close,[],5,4,"['bfroehle', 'Carreau', 'fperez', 'epatters']"
1128,pr,minrk,2011-12-13T04:35:25Z,d6447c1,merge,[],7,3,"['minrk', 'takluyver', 'fperez']"
1119,issue,takluyver,2011-12-13T00:18:58Z,,close,"['#1129', '#1143']",4,1,['takluyver']
1117,issue,takluyver,2011-12-09T18:47:40Z,,close,['#1121'],7,2,"['bfroehle', 'takluyver']"
1107,issue,takluyver,2012-03-05T12:37:51Z,,close,['#1447'],7,4,"['gpjt', 'fperez', 'minrk', 'takluyver']"
1103,issue,takluyver,2011-12-15T23:24:08Z,0c6c879,close,[],1,1,['takluyver']
1100,issue,takluyver,2011-12-06T01:07:10Z,411ba6a,close,['#1106'],2,2,"['juliantaylor', 'takluyver']"
1095,issue,minrk,2011-12-04T22:18:13Z,a6de8a3,close,[],3,4,"['bfroehle', 'fperez', 'Carreau', 'minrk']"
1088,issue,minrk,2011-12-07T22:21:09Z,7a144e2,close,['#1091'],4,4,"['Carreau', 'takluyver', 'fperez', 'minrk']"
1087,issue,Carreau,2011-12-06T06:50:06Z,,close,['#1099'],7,2,"['Carreau', 'fperez']"
1076,issue,fperez,2011-12-01T19:03:13Z,,close,['#1081'],5,3,"['fperez', 'minrk', 'takluyver']"
1075,issue,fperez,2011-12-01T22:47:51Z,4b8920a,close,['#1078'],14,5,"['fperez', 'gsever', 'minrk', 'stonebig', 'Carreau']"
1074,issue,minrk,2011-11-30T22:59:52Z,13c8185,close,[],2,2,"['kcarnold', 'minrk']"
1071,issue,minrk,2011-12-06T00:49:07Z,0040446,close,['#1077'],10,4,"['pv', 'fperez', 'ellisonbg', 'minrk']"
1067,issue,minrk,2011-12-06T05:27:41Z,fd88eb7,close,[],1,2,"['takluyver', 'minrk']"
1063,issue,takluyver,2011-11-30T22:20:46Z,,close,['#1064'],9,4,"['jstenar', 'takluyver', 'minrk', 'fperez']"
1062,issue,jstenar,2012-05-31T18:28:53Z,,close,[],12,3,"['jstenar', 'takluyver', 'fperez']"
1058,issue,fperez,2011-11-28T21:01:59Z,52fc956,close,[],4,2,"['fperez', 'stefanv']"
1057,issue,fperez,2011-11-30T06:06:30Z,a5fd0a3,close,['#1065'],18,4,"['fperez', 'takluyver', 'Carreau', 'minrk']"
1055,issue,takluyver,2011-11-27T20:22:38Z,,close,[],7,3,"['Carreau', 'takluyver', 'fperez']"
1051,issue,takluyver,2011-11-27T12:26:13Z,,close,[],2,2,"['hpaulj', 'takluyver']"
1043,issue,takluyver,2011-11-25T12:20:06Z,,close,[],7,4,"['miham', 'Carreau', 'takluyver', 'jenshnielsen']"
1031,issue,fperez,2011-11-24T01:58:43Z,a329ff0,close,['#1032'],3,2,"['Carreau', 'fperez']"
1024,issue,minrk,2011-11-21T21:13:33Z,b3785ba,close,[],5,3,"['jenshnielsen', 'takluyver', 'minrk']"
1022,issue,takluyver,2011-11-24T22:03:03Z,,close,['#1023'],9,3,"['takluyver', 'fperez', 'minrk']"
1018,issue,minrk,2011-12-06T05:27:41Z,9f99569,close,[],5,4,"['stefanv', 'fperez', 'takluyver', 'minrk']"
1010,issue,fperez,2011-11-24T23:59:30Z,,close,['#1015'],9,3,"['paykroyd', 'takluyver', 'fperez']"
1009,issue,takluyver,2011-11-20T21:59:48Z,,close,['#1019'],23,4,"['jdmarch', 'takluyver', 'minrk', 'fperez']"
993,issue,fperez,2011-12-06T01:40:32Z,2ee14fc,close,['#1053'],19,3,"['fperez', 'minrk', 'takluyver']"
992,issue,fperez,2011-11-20T08:48:20Z,,close,['#997'],6,2,"['fperez', 'minrk']"
988,issue,fperez,2011-11-11T01:59:17Z,467b5b2,close,[],9,4,"['gsever', 'minrk', 'fperez', 'takluyver']"
986,issue,minrk,2011-11-10T03:20:12Z,55d81f8,close,[],4,2,"['takluyver', 'minrk']"
978,issue,fperez,2011-11-11T08:00:35Z,,close,['#979'],4,3,"['rxwen', 'minrk', 'fperez']"
971,issue,minrk,2011-11-05T21:44:51Z,8ddc568,close,[],13,5,"['jdmarch', 'fperez', 'minrk', 'prabhuramachandran', 'takluyver']"
966,issue,buchs-kevin,2012-04-25T18:53:17Z,,close,[],4,3,"['buchs-kevin', 'minrk', 'bfroehle']"
962,issue,minrk,2011-11-01T19:56:41Z,,close,[],2,2,"['takluyver', 'minrk']"
958,issue,janrito,2011-11-02T10:18:55Z,,close,[],5,2,"['janrito', 'minrk']"
952,issue,minrk,2011-11-11T04:16:43Z,,close,['#955'],5,2,"['fperez', 'minrk']"
949,issue,takluyver,2011-11-02T19:28:01Z,71b3a3d,close,['#961'],3,2,"['fperez', 'takluyver']"
947,issue,thisch,2011-10-30T21:33:17Z,,close,[],22,5,"['thisch', 'takluyver', 'fperez', 'epatters', 'minrk']"
946,issue,minrk,2011-11-02T19:49:13Z,dbc15c1,close,[],3,2,"['fperez', 'minrk']"
939,issue,minrk,2011-11-02T21:36:48Z,c3d885f,close,"['#815', '#3', '#964']",14,3,"['takluyver', 'fperez', 'minrk']"
934,issue,minrk,2011-10-30T23:11:44Z,,close,['#948'],11,3,"['certik', 'fperez', 'minrk']"
922,issue,minrk,2015-01-14T21:15:27Z,,close,[],8,5,"['catphive', 'takluyver', 'minrk', 'fperez', 'andreas-roehler']"
918,issue,minrk,2011-11-10T03:49:42Z,c956c22,close,['#968'],5,3,"['juliantaylor', 'minrk', 'takluyver']"
917,issue,minrk,2011-10-21T21:11:13Z,7e0d999,close,[],2,2,"['juliantaylor', 'minrk']"
915,issue,radeksz,2011-10-25T19:15:16Z,,close,['#937'],13,5,"['radeksz', 'bfroehle', 'minrk', 'slnovak', 'vsbuffalo']"
911,issue,minrk,2011-11-07T23:01:33Z,7c0ffa5,close,"['#929', '#965']",3,4,"['jstenar', 'takluyver', 'juliantaylor', 'minrk']"
908,issue,minrk,2011-10-29T04:14:02Z,,close,[],4,2,"['minrk', 'fperez']"
907,issue,takluyver,2011-10-20T21:03:11Z,2e01c88,close,[],2,1,['takluyver']
904,issue,minrk,2011-10-25T21:29:05Z,4c90e86,close,['#910'],19,4,"['hpaulj', 'minrk', 'takluyver', 'fperez']"
900,issue,minrk,2011-10-20T18:20:37Z,33cfae8,close,[],2,2,"['fperez', 'minrk']"
886,issue,minrk,2011-10-25T04:08:05Z,11bca29,close,[],9,3,"['fwerner', 'fperez', 'minrk']"
885,issue,minrk,2011-10-17T02:57:56Z,71ae352,close,[],8,3,"['fperez', 'minrk', 'ellisonbg']"
882,issue,fperez,2011-11-30T06:53:06Z,,close,"['#909', '#940']",12,4,"['abeld', 'takluyver', 'minrk', 'fperez']"
879,issue,ellisonbg,2012-04-12T19:57:54Z,,close,['#1386'],11,4,"['fperez', 'takluyver', 'Carreau', 'ellisonbg']"
875,issue,takluyver,2012-03-05T12:40:15Z,,close,[],3,2,"['minrk', 'takluyver']"
871,issue,minrk,2011-10-14T01:52:28Z,fec4f7e,close,[],5,2,"['fperez', 'minrk']"
869,issue,minrk,2011-10-26T18:06:32Z,2d60716,close,[],6,4,"['fperez', 'ivanov', 'takluyver', 'minrk']"
867,issue,minrk,2011-10-20T20:21:42Z,c64ec5b,close,[],3,3,"['satra', 'fperez', 'minrk']"
863,issue,minrk,2011-10-12T16:47:28Z,,close,[],6,4,"['cool-RR', 'takluyver', 'fperez', 'minrk']"
858,issue,takluyver,2011-10-11T13:01:23Z,,close,[],2,2,"['NelleV', 'takluyver']"
853,issue,minrk,2015-01-14T21:12:54Z,,close,[],12,5,"['fperez', 'deftpunk', 'kmsquire', 'kiddouk', 'minrk']"
852,issue,minrk,2013-10-23T01:45:31Z,bf72d2f,close,['#895'],5,3,"['fperez', 'minrk', 'ellisonbg']"
851,issue,fperez,2011-11-30T07:10:55Z,,close,[],12,3,"['sccolbert', 'fperez', 'takluyver']"
846,issue,takluyver,2012-02-17T20:22:07Z,,close,['#1289'],2,1,['takluyver']
844,issue,Carreau,2015-09-15T15:54:42Z,,close,['#856'],16,7,"['digitalsatori', 'fperez', 'minrk', 'ahmadia', 'Carreau', 'Tagar', 'madanh']"
833,issue,fperez,2011-11-20T10:41:46Z,,close,['#1008'],12,3,"['richardeverson', 'minrk', 'fperez']"
829,issue,minrk,2011-10-14T19:41:09Z,,close,['#830'],4,2,"['fperez', 'minrk']"
825,issue,fperez,2012-06-26T04:59:34Z,,close,[],9,4,"['juliantaylor', 'minrk', 'cboos', 'fperez']"
823,issue,fperez,2012-02-21T04:00:06Z,,close,['#3395'],14,3,"['takluyver', 'minrk', 'fperez']"
822,issue,fperez,2011-11-20T22:54:00Z,09c9952,close,"['#1020', '#1025']",23,4,"['fperez', 'minrk', 'takluyver', 'stefanv']"
818,issue,takluyver,2011-10-20T21:13:36Z,,close,['#896'],11,4,"['jstenar', 'minrk', 'fperez', 'takluyver']"
812,issue,epatters,2011-09-23T20:07:09Z,,close,[],22,5,"['fperez', 'minrk', 'jenshnielsen', 'juliantaylor', 'epatters']"
808,issue,minrk,2011-10-24T23:30:21Z,afeadfc,close,[],6,4,"['Carreau', 'takluyver', 'minrk', 'fperez']"
800,issue,minrk,2011-10-11T18:57:57Z,,close,[],1,2,"['heplesser', 'minrk']"
797,issue,takluyver,2012-02-17T20:37:11Z,,close,[],3,2,"['fperez', 'takluyver']"
796,issue,minrk,2014-10-02T23:37:55Z,,close,[],3,2,"['kaazoo', 'minrk']"
787,issue,takluyver,2011-11-24T21:37:48Z,,close,['#1038'],6,4,"['khinsen', 'fperez', 'ellisonbg', 'takluyver']"
786,issue,takluyver,2011-09-13T22:07:41Z,,close,['#790'],5,3,"['olivierverdier', 'fperez', 'takluyver']"
785,issue,ellisonbg,2011-09-13T04:12:46Z,,close,[],2,2,"['fperez', 'ellisonbg']"
777,issue,takluyver,2011-09-12T23:23:28Z,e783b1c,close,['#784'],4,2,"['lebigot', 'takluyver']"
768,issue,minrk,2011-09-13T05:38:39Z,,close,[],15,4,"['jstenar', 'minrk', 'takluyver', 'fperez']"
767,issue,minrk,2011-09-06T21:06:22Z,6cc41ec,close,['#769'],3,2,"['jstenar', 'minrk']"
761,pr,,,,,['#760'],9,3,"['jdmarch', 'minrk', 'fperez']"
760,issue,minrk,2012-06-27T22:16:32Z,bb4488a,close,"['#2016', '#2046', '#761']",9,4,"['jdmarch', 'fperez', 'jstenar', 'minrk']"
756,issue,jdmarch,2011-09-20T22:35:40Z,,close,[],3,2,"['jdmarch', 'minrk']"
755,issue,minrk,2011-12-12T22:04:59Z,b24c9d2,close,['#762'],4,3,"['jdmarch', 'fperez', 'minrk']"
749,issue,minrk,2011-10-17T23:18:13Z,9379231,close,[],3,2,"['jdmarch', 'minrk']"
740,issue,minrk,2011-09-07T17:39:37Z,,close,[],4,3,"['takluyver', 'minrk', 'ellisonbg']"
739,issue,minrk,2011-09-09T22:25:07Z,,close,[],5,4,"['takluyver', 'fperez', 'ellisonbg', 'minrk']"
728,issue,jdavid1385,2011-09-12T20:44:18Z,,close,[],3,2,"['jdavid1385', 'minrk']"
724,issue,minrk,2011-09-09T21:28:12Z,6cf495c,close,['#725'],13,4,"['vanandel', 'minrk', 'fperez', 'epatters']"
720,issue,takluyver,2011-09-07T18:07:33Z,,close,[],6,3,"['scaryclam', 'takluyver', 'minrk']"
710,issue,minrk,2011-10-19T00:52:34Z,71d3d18,close,['#898'],3,4,"['jdmarino', 'takluyver', 'fperez', 'minrk']"
700,issue,minrk,2011-12-11T01:00:13Z,5d96131,close,[],4,3,"['stefanv', 'minrk', 'ellisonbg']"
698,issue,minrk,2011-11-15T04:26:53Z,,close,[],3,2,"['tripzilch', 'minrk']"
693,issue,fperez,2011-11-27T02:45:29Z,a1e4911,close,[],5,4,"['rabbitmcrabbit', 'minrk', 'takluyver', 'fperez']"
692,issue,minrk,2011-10-18T22:49:36Z,,close,['#876'],2,2,"['jorgsk', 'minrk']"
690,issue,minrk,2011-10-18T19:05:04Z,,close,['#876'],4,4,"['jorgsk', 'jni', 'fperez', 'minrk']"
681,issue,minrk,2011-11-15T04:34:16Z,,close,[],7,3,"['rabbitmcrabbit', 'winterstream', 'minrk']"
678,issue,minrk,2013-06-19T14:51:06Z,,close,"['#877', '#2447']",3,2,"['fperez', 'minrk']"
676,issue,minrk,2012-03-16T23:33:05Z,db762d9,close,['#1496'],10,4,"['juliantaylor', 'takluyver', 'minrk', 'fperez']"
673,issue,minrk,2011-10-12T22:28:45Z,6e92ffd,close,[],4,3,"['ivanov', 'minrk', 'fperez']"
669,issue,epatters,2011-08-23T20:16:09Z,,close,['#670'],3,3,"['fperez', 'minrk', 'epatters']"
667,issue,minrk,2011-09-09T21:34:58Z,17494a1,close,[],1,2,"['jorgesca', 'minrk']"
662,issue,minrk,2011-10-14T19:44:50Z,,close,['#666'],7,3,"['cdeil', 'minrk', 'fperez']"
661,issue,minrk,2011-09-09T21:32:56Z,,close,[],5,3,"['eteq', 'fperez', 'minrk']"
655,issue,minrk,2011-09-09T21:28:12Z,6cf495c,close,[],9,4,"['andylei', 'epatters', 'fperez', 'minrk']"
650,issue,minrk,2011-10-14T19:44:10Z,,close,['#659'],2,2,"['asmeurer', 'minrk']"
645,issue,minrk,2012-02-07T21:34:26Z,6e492bd,close,['#1296'],7,4,"['fperez', 'piotradam', 'takluyver', 'minrk']"
640,issue,minrk,2011-10-14T17:56:25Z,,close,['#809'],16,3,"['claumann', 'minrk', 'gcalmettes']"
636,issue,minrk,2011-10-25T00:50:57Z,,close,['#876'],2,2,"['juliantaylor', 'minrk']"
633,issue,takluyver,2011-12-05T23:58:10Z,762b0ea,close,['#1070'],4,2,"['takluyver', 'fperez']"
625,issue,Carreau,2016-07-21T19:15:09Z,,close,[],14,8,"['takluyver', 'jonovik', 'epatters', 'ijstokes', 'esotericbyte', 'minrk', 'davidbrai', 'Carreau']"
624,issue,minrk,2011-10-14T17:52:51Z,,close,[],5,3,"['kghose', 'daehyok', 'minrk']"
621,issue,epatters,2011-07-22T18:03:32Z,902e67f,close,[],7,3,"['reckoner', 'fperez', 'epatters']"
617,issue,epatters,2011-09-14T19:35:56Z,14ae4c0,close,"['#618', '#793']",22,5,"['reckoner', 'takluyver', 'minrk', 'fperez', 'epatters']"
597,issue,takluyver,2011-07-22T19:29:20Z,,close,['#600'],9,3,"['juliantaylor', 'minrk', 'takluyver']"
592,issue,takluyver,2011-11-30T21:13:49Z,,close,"['#1064', '#1149']",5,3,"['jstenar', 'fperez', 'takluyver']"
586,issue,takluyver,2011-07-16T20:26:51Z,b8d87c2,close,[],4,3,"['meawoppl', 'takluyver', 'minrk']"
577,issue,minrk,2015-01-14T21:14:22Z,,close,[],16,6,"['bergtholdt', 'minrk', 'fperez', 'chriswagner', 'shelper', 'Carreau']"
572,issue,takluyver,2011-07-13T22:52:49Z,,close,['#576'],2,1,['takluyver']
568,issue,takluyver,2011-12-07T22:21:08Z,,close,[],13,3,"['jstenar', 'takluyver', 'fperez']"
566,issue,minrk,2011-07-11T19:13:41Z,d306e58,close,[],2,2,"['jstenar', 'minrk']"
562,issue,takluyver,2011-07-08T21:05:08Z,,close,['#564'],7,2,"['minrk', 'takluyver']"
553,issue,minrk,2011-07-04T16:40:30Z,330ffc2,close,[],1,2,"['takluyver', 'minrk']"
549,issue,minrk,2011-07-01T05:15:15Z,e1d1d8e,close,[],8,3,"['fperez', 'rkern', 'minrk']"
541,issue,minrk,2011-06-26T08:49:21Z,0e4fe98,close,[],2,2,"['ellisonbg', 'minrk']"
535,issue,minrk,2011-10-14T22:28:29Z,,close,[],7,3,"['jstenar', 'takluyver', 'minrk']"
529,issue,takluyver,2011-06-22T17:44:01Z,,close,"['#2500', '#534']",18,2,"['jstenar', 'takluyver']"
524,issue,minrk,2011-06-19T19:07:21Z,f1278cb,close,['#525'],3,2,"['fperez', 'minrk']"
522,issue,takluyver,2011-06-20T12:33:48Z,,close,[],17,2,"['jstenar', 'takluyver']"
519,issue,minrk,2011-06-14T00:15:47Z,b5570f7,close,['#521'],2,2,"['mspacek', 'minrk']"
516,issue,minrk,2011-06-14T00:15:47Z,b5570f7,close,"['#519', '#521']",3,3,"['mspacek', 'takluyver', 'minrk']"
514,issue,Carreau,2016-07-21T19:54:18Z,,close,"['#989', '#5728', '#5729']",37,11,"['satra', 'minrk', 'fperez', 'takluyver', 'mwiebe', 'whitelynx', 'ellisonbg', 'NickSto', 'sychan', 'rossant', 'Carreau']"
508,issue,minrk,2011-06-10T18:48:21Z,3fdb23a,close,['#509'],4,2,"['mspacek', 'minrk']"
500,issue,epatters,2011-08-18T21:13:05Z,,close,[],2,2,"['mspacek', 'epatters']"
499,issue,minrk,2011-06-04T05:04:21Z,3e19444,close,"['#2310', '#501', '#500']",10,3,"['mspacek', 'takluyver', 'minrk']"
497,issue,takluyver,2011-06-02T11:36:05Z,3902dd4,close,['#498'],6,2,"['takluyver', 'klonuo']"
489,issue,minrk,2011-06-01T22:11:33Z,6a0fa99,close,['#490'],1,2,"['mspacek', 'minrk']"
488,issue,takluyver,2011-05-31T20:17:08Z,,close,[],6,3,"['kaazoo', 'takluyver', 'minrk']"
482,issue,takluyver,2012-03-08T22:04:45Z,,close,[],2,1,['takluyver']
481,issue,ivanov,2013-07-17T22:48:57Z,,close,['#815'],65,15,"['klonuo', 'fperez', 'jstenar', 'epatters', 'minrk', 'takluyver', 'jkmacc', 'cboos', 'SirVer', 'rkern', 'Proletariat99', 'indiajoe', 'oliford', 'danielballan', 'ivanov']"
476,issue,epatters,2011-06-21T22:55:09Z,,close,['#526'],7,3,"['fperez', 'epatters', 'takluyver']"
468,issue,fperez,2011-05-25T19:08:37Z,,close,['#469'],7,3,"['juliantaylor', 'takluyver', 'fperez']"
467,issue,takluyver,2011-05-24T12:16:11Z,34e2283,close,[],2,2,"['juliantaylor', 'takluyver']"
466,issue,takluyver,2011-05-26T18:17:18Z,df86e70,close,['#471'],6,2,"['juliantaylor', 'takluyver']"
458,issue,mspacek,2011-06-01T00:35:08Z,,close,[],2,1,['mspacek']
450,issue,minrk,2011-06-12T03:55:41Z,,close,[],3,3,"['minrk', 'fperez', 'kaazoo']"
447,issue,takluyver,2011-05-17T22:27:47Z,,close,['#449'],4,2,"['meawoppl', 'takluyver']"
446,issue,takluyver,2011-05-18T21:02:22Z,,close,['#448'],5,2,"['fperez', 'takluyver']"
440,issue,minrk,2011-06-28T17:11:04Z,f519f17,close,['#542'],18,4,"['takluyver', 'minrk', 'fperez', 'epatters']"
439,issue,ellisonbg,2011-05-17T23:32:25Z,,close,[],5,2,"['certik', 'ellisonbg']"
435,issue,ellisonbg,2011-07-20T16:14:26Z,,close,[],4,2,"['certik', 'ellisonbg']"
426,issue,takluyver,2011-06-02T13:59:02Z,,close,['#460'],5,4,"['juliantaylor', 'takluyver', 'ibeex', 'bfroehle']"
417,issue,takluyver,2011-05-05T10:54:25Z,,close,[],4,2,"['apatil', 'takluyver']"
416,issue,martinjanda,2011-05-05T09:56:18Z,,close,[],3,2,"['martinjanda', 'takluyver']"
409,issue,takluyver,2011-05-11T23:15:41Z,f02a1aa,close,"['#427', '#431']",1,1,['takluyver']
405,issue,minrk,2011-04-29T20:11:08Z,,close,[],7,4,"['jfkw', 'rkern', 'minrk', 'ellisonbg']"
401,issue,kaazoo,2011-05-30T20:29:50Z,,close,[],5,2,"['kaazoo', 'minrk']"
396,issue,rth,2011-04-27T09:41:44Z,,close,[],3,2,"['rth', 'takluyver']"
395,issue,Carreau,2016-07-19T23:58:22Z,,close,[],17,5,"['eteq', 'minrk', 'fperez', 'panyam', 'Carreau']"
394,issue,takluyver,2011-04-19T17:29:37Z,,close,[],4,2,"['lebigot', 'takluyver']"
392,issue,takluyver,2011-04-29T17:01:39Z,4ccea6a,close,"['#393', '#5617']",20,7,"['Rogacz', 'takluyver', 'rspeer', 'minrk', 'fperez', 'cdeboever3', 'gdesjardins']"
391,issue,minrk,2011-04-21T21:11:34Z,5dadef8,close,[],2,2,"['kaazoo', 'minrk']"
387,issue,takluyver,2011-04-20T21:56:36Z,,close,[],8,3,"['fperez', 'minrk', 'takluyver']"
386,issue,minrk,2011-04-21T19:24:13Z,0d3d807,close,[],5,2,"['fperez', 'minrk']"
379,issue,epatters,2011-04-26T18:25:21Z,2c9c2c6,close,[],2,3,"['mdboom', 'fperez', 'epatters']"
378,issue,fperez,2011-11-30T18:47:32Z,,close,[],7,3,"['minrk', 'fperez', 'jstenar']"
377,issue,minrk,2011-06-29T23:28:13Z,,close,['#5617'],2,2,"['jstenar', 'minrk']"
376,issue,takluyver,2011-05-03T22:12:05Z,,close,[],3,3,"['jstenar', 'minrk', 'takluyver']"
375,issue,minrk,2011-04-14T21:48:38Z,3085904,close,[],14,3,"['jstenar', 'minrk', 'takluyver']"
371,issue,eteq,2011-06-30T00:23:41Z,,close,[],5,5,"['eteq', 'epatters', 'takluyver', 'minrk', 'ellisonbg']"
369,issue,minrk,2011-06-24T23:58:49Z,933e2d9,close,"['#536', '#6899']",6,3,"['fperez', 'ddale', 'minrk']"
368,issue,minrk,2011-04-18T21:37:28Z,932c5c4,close,[],4,2,"['fperez', 'minrk']"
365,issue,minrk,2011-04-21T19:25:37Z,,close,['#374'],7,3,"['minrk', 'fperez', 'DaveHirschfeld']"
351,issue,minrk,2011-06-24T23:58:49Z,933e2d9,close,[],7,3,"['ellisonbg', 'ddale', 'minrk']"
350,issue,takluyver,2011-04-13T10:53:26Z,,close,['#364'],9,3,"['ellisonbg', 'takluyver', 'fperez']"
340,issue,ellisonbg,2011-06-24T17:52:31Z,,close,[],4,2,"['ellisonbg', 'minrk']"
337,issue,minrk,2011-04-08T23:23:10Z,,close,[],6,3,"['dwf', 'takluyver', 'minrk']"
328,issue,takluyver,2011-04-02T21:02:04Z,,close,['#329'],3,2,"['minrk', 'takluyver']"
326,issue,minrk,2011-04-11T19:34:53Z,,close,['#5617'],8,2,"['ellisonbg', 'minrk']"
322,issue,takluyver,2011-03-29T19:13:31Z,,close,[],4,2,"['alainS', 'takluyver']"
320,issue,aroscoe,2011-03-28T16:52:55Z,,close,[],9,4,"['aroscoe', 'minrk', 'takluyver', 'fperez']"
318,issue,takluyver,2011-04-08T22:24:45Z,,close,['#319'],13,4,"['efiring', 'fperez', 'minrk', 'takluyver']"
310,pr,,,,,[],4,3,"['minrk', 'takluyver', 'fperez']"
308,issue,fperez,2011-03-25T17:26:29Z,,close,[],6,2,"['fperez', 'rkern']"
307,issue,minrk,2011-04-08T22:20:49Z,1f0e9da,close,[],9,3,"['ivanov', 'takluyver', 'minrk']"
306,issue,takluyver,2011-04-07T23:28:12Z,,close,[],6,3,"['ivanov', 'fperez', 'takluyver']"
302,issue,ellisonbg,2011-07-20T16:15:33Z,,close,[],2,1,['ellisonbg']
297,issue,minrk,2011-05-27T18:26:48Z,bdb012c,close,['#459'],18,3,"['minrk', 'fperez', 'takluyver']"
296,issue,minrk,2011-04-09T19:02:05Z,0c41d1b,close,['#344'],3,2,"['minrk', 'tdimiduk']"
290,issue,takluyver,2011-03-25T00:15:20Z,,close,[],5,2,"['fperez', 'takluyver']"
287,issue,takluyver,2011-03-28T20:03:47Z,,close,[],7,2,"['rkern', 'takluyver']"
284,issue,takluyver,2011-03-28T19:59:29Z,,close,[],5,5,"['petercombs', 'rkern', 'fperez', 'ivanov', 'takluyver']"
262,issue,minrk,2011-03-28T17:38:43Z,,close,[],5,4,"['cshimmin', 'ellisonbg', 'takluyver', 'minrk']"
253,issue,minrk,2011-09-10T06:52:17Z,,close,[],3,2,"['bala-s', 'minrk']"
252,pr,takluyver,2011-03-24T23:56:23Z,528125c,merge,[],14,4,"['takluyver', 'rkern', 'fperez', 'minrk']"
236,pr,,,,,[],4,3,"['dusual', 'tomspur', 'takluyver']"
216,issue,minrk,2011-05-09T20:32:48Z,285a7f7,close,['#415'],2,3,"['archana548', 'takluyver', 'minrk']"
211,issue,takluyver,2012-05-09T17:44:51Z,cdd3c85,close,"['#1703', '#5617']",10,5,"['MEQ', 'meawoppl', 'minrk', 'takluyver', 'zfogg']"
204,pr,,,,,[],6,5,"['wilsaj', 'limist', 'minrk', 'K0stIa', 'fperez']"
202,issue,minrk,2011-03-25T06:04:45Z,,close,['#5617'],2,1,['minrk']
197,issue,jstenar,2011-03-25T18:21:23Z,,close,[],11,4,"['jstenar', 'fperez', 'minrk', 'takluyver']"
196,issue,takluyver,2011-03-25T02:04:14Z,,close,[],5,4,"['tcourbon', 'fperez', 'minrk', 'takluyver']"
181,issue,minrk,2011-10-21T21:46:44Z,,close,['#979'],21,5,"['jstenar', 'fperez', 'pmfeldman', 'takluyver', 'minrk']"
165,issue,minrk,2013-01-19T21:46:45Z,,close,[],2,2,"['fperez', 'minrk']"
147,issue,minrk,2011-04-11T20:03:50Z,cf7081f,close,['#5617'],1,2,"['tungwaiyip', 'minrk']"
142,issue,fperez,2011-04-10T06:42:55Z,2b92905,close,"['#353', '#346']",2,3,"['davidgardner', 'takluyver', 'fperez']"
141,issue,takluyver,2011-05-29T21:40:24Z,,close,"['#382', '#419']",24,2,"['fperez', 'takluyver']"
137,issue,minrk,2011-04-29T17:01:39Z,9521bea,close,"['#3353', '#362']",4,3,"['rjosephwright', 'takluyver', 'minrk']"
132,issue,ksamuel,2011-03-24T10:15:05Z,,close,[],3,2,"['ksamuel', 'minrk']"
131,issue,fperez,2011-11-30T07:13:50Z,,close,[],6,2,"['fperez', 'dwf']"
124,issue,takluyver,2014-04-20T17:19:35Z,,close,[],6,5,"['jstenar', 'minrk', 'fperez', 'robyoung', 'takluyver']"
118,issue,minrk,2011-04-19T23:20:41Z,,close,['#5617'],3,3,"['nsmgr8', 'takluyver', 'minrk']"
102,issue,fperez,2011-11-28T05:47:12Z,,close,['#5617'],3,2,"['ipython', 'fperez']"
100,issue,minrk,2011-03-23T19:14:02Z,,close,['#5617'],6,2,"['ipython', 'minrk']"
95,issue,jstenar,2014-02-27T07:56:42Z,,close,['#5617'],3,3,"['ipython', 'jstenar', 'minrk']"
92,issue,minrk,2011-03-28T17:42:15Z,,close,['#5617'],9,3,"['ipython', 'takluyver', 'minrk']"
88,issue,minrk,2011-05-10T21:04:12Z,b2146ae,close,[],18,5,"['ipython', 'takluyver', 'rspeer', 'minrk', 'epatters']"
87,issue,Carreau,2016-07-19T23:22:59Z,,close,['#5617'],2,4,"['ipython', 'Carreau', 'fperez', 'minrk']"
84,issue,minrk,2014-11-11T20:18:26Z,,close,[],3,3,"['ipython', 'takluyver', 'minrk']"
77,issue,minrk,2011-03-23T08:18:07Z,,close,[],4,2,"['ipython', 'minrk']"
72,issue,minrk,2014-11-11T20:14:25Z,,close,['#5617'],3,2,"['ipython', 'minrk']"
71,issue,takluyver,2011-04-13T21:17:58Z,,close,[],5,4,"['ipython', 'takluyver', 'jstenar', 'fperez']"
68,issue,minrk,2011-03-23T20:00:07Z,,close,['#5617'],4,3,"['ipython', 'ellisonbg', 'minrk']"
62,issue,fperez,2011-11-28T05:26:56Z,,close,"['#5617', '#8918']",28,13,"['ipython', 'fperez', 'takluyver', 'daf', 'liokm', 'dellis23', 'fletom', 'JoeZ99', 'reverie', 'bkvirendra', 'minrk', 'Carreau', 'philippschw']"
59,issue,takluyver,2011-05-29T21:27:26Z,22a3c9a,close,[],9,4,"['ipython', 'fperez', 'minrk', 'takluyver']"
55,issue,takluyver,2011-03-28T20:01:39Z,,close,[],4,2,"['ipython', 'takluyver']"
40,issue,takluyver,2013-08-20T23:11:20Z,,close,['#5617'],4,3,"['ipython', 'fperez', 'takluyver']"
38,issue,fperez,2011-11-28T05:19:32Z,,close,[],14,3,"['ipython', 'takluyver', 'fperez']"
35,issue,minrk,2015-01-14T21:13:29Z,,close,[],9,4,"['ipython', 'Shougo', 'methane', 'minrk']"
33,issue,fperez,2011-04-08T16:46:08Z,,close,['#5617'],4,3,"['ipython', 'takluyver', 'fperez']"
29,issue,fperez,2011-11-27T02:45:29Z,a1e4911,close,"['#648', '#384', '#5617']",18,5,"['ipython', 'minrk', 'fperez', 'dwf', 'takluyver']"
26,issue,minrk,2011-04-18T21:39:51Z,,close,[],4,4,"['ipython', 'takluyver', 'ellisonbg', 'minrk']"
25,issue,takluyver,2011-03-25T02:01:50Z,,close,[],24,5,"['ipython', 'fperez', 'takluyver', 'jrus', 'minrk']"
23,issue,minrk,2014-11-11T20:08:16Z,,close,['#5617'],4,3,"['ipython', 'fperez', 'minrk']"
19,issue,fperez,2014-02-01T02:35:42Z,,close,[],4,3,"['ipython', 'minrk', 'fperez']"
17,issue,Carreau,2016-07-19T23:14:08Z,,close,['#5617'],11,6,"['ipython', 'Drekin', 'takluyver', 'fperez', 'Carreau', 'minrk']"
16,issue,fperez,2011-11-28T05:41:09Z,,close,['#5617'],5,3,"['ipython', 'takluyver', 'fperez']"
9,issue,ellisonbg,2011-03-24T19:49:01Z,,close,[],5,2,"['ipython', 'ellisonbg']"
